Datum,Locatie,larven_vangst,larven_vangst_corrected,totaal_vangst,totaal_vangst_corrected,no_fuiken,cpue_larven,cpue_larven_corrected,cpue_totaal,cpue_totaal_corrected
2016-04-27,arendonk 2,297,297,297,297,12,24.75,24.75,24.75,24.75
2016-05-11,arendonk 1,7,7,7,7,12,0.5833333333333334,0.5833333333333334,0.5833333333333334,0.5833333333333334
2016-05-11,arendonk 2,435,435,527,527,12,36.25,36.25,43.916666666666664,43.916666666666664
2016-05-11,kasterlee 13,0,0,0,0,12,0,0,0,0
2016-05-11,kasterlee 3,0,0,0,0,12,0,0,0,0
2016-05-11,kasterlee 7,0,0,0,0,12,0,0,0,0
2016-05-12,arendonk 1,32,32,32,32,12,2.6666666666666665,2.6666666666666665,2.6666666666666665,2.6666666666666665
2016-05-12,arendonk 2,274,274,303,303,12,22.833333333333332,22.833333333333332,25.25,25.25
2016-05-12,kasterlee 12,0,0,0,0,12,0,0,0,0
2016-05-12,kasterlee 14,0,0,0,0,12,0,0,0,0
2016-05-12,kasterlee 2,0,0,0,0,12,0,0,0,0
2016-05-13,arendonk 2,505,505,643,643,12,42.083333333333336,42.083333333333336,53.583333333333336,53.583333333333336
2016-05-13,kasterlee 14,0,0,0,0,12,0,0,0,0
2016-05-18,driehoek,0,0,0,0,12,0,0,0,0
2016-05-19,bospoel,0,0,0,0,12,0,0,0,0
2016-06-08,arendonk 1,137,137,139,139,3,45.666666666666664,45.666666666666664,46.333333333333336,46.333333333333336
2016-06-08,kasterlee 1,0,0,0,0,12,0,0,0,0
2016-06-08,kasterlee 9,0,0,0,0,12,0,0,0,0
2016-06-09,arendonk 1,123,123,123,123,12,10.25,10.25,10.25,10.25
2016-06-09,arendonk 2,128,128,279,279,12,10.666666666666666,10.666666666666666,23.25,23.25
2016-06-09,kasterlee 3,0,0,0,0,12,0,0,0,0
2016-06-10,arendonk 1,50,50,52,52,12,4.166666666666667,4.166666666666667,4.333333333333333,4.333333333333333
2016-06-10,arendonk 2,122,122,408,408,12,10.166666666666666,10.166666666666666,34,34
2016-06-10,kasterlee 7,0,0,0,0,12,0,0,0,0
2016-07-13,arendonk 4,0,0,0,0,2,0,0,0,0
2016-07-13,kasterlee 1,0,0,0,0,1,0,0,0,0
2016-07-13,kasterlee 12,0,0,0,0,1,0,0,0,0
2016-07-13,kasterlee 13,0,0,0,0,1,0,0,0,0
2016-07-13,kasterlee 14,0,0,0,0,1,0,0,0,0
2016-07-13,kasterlee 3,0,0,0,0,1,0,0,0,0
2016-07-13,kasterlee 7,0,0,0,0,1,0,0,0,0
2016-07-13,kasterlee 9,0,0,0,0,1,0,0,0,0
2016-07-15,bospoel,0,0,0,0,1,0,0,0,0
2016-07-15,driehoek,0,0,0,0,1,0,0,0,0
2016-07-15,rechthoekigevijver 1,0,0,0,0,1,0,0,0,0
2016-07-15,rechthoekigevijver 2,0,0,0,0,1,0,0,0,0
2016-07-27,arendonk 1,756,756,760,760,4,189,189,190,190
2016-07-27,arendonk 2,6591,6591,6636,6636,6,1098.5,1098.5,1106,1106
2016-07-28,arendonk 1,20,20,22,22,4,5,5,5.5,5.5
2016-07-28,arendonk 2,430,430,441,441,6,71.66666666666667,71.66666666666667,73.5,73.5
2016-07-29,arendonk 1,2,2,3,3,4,0.5,0.5,0.75,0.75
2016-07-29,arendonk 2,494,494,527,527,6,82.33333333333333,82.33333333333333,87.83333333333333,87.83333333333333
2016-08-10,arendonk 2,156,156,157,157,6,26,26,26.166666666666668,26.166666666666668
2016-08-10,arendonk 3,0,0,0,0,4,0,0,0,0
2016-08-10,kasterlee 12,0,0,0,0,1,0,0,0,0
2016-08-10,kasterlee 13,0,0,0,0,1,0,0,0,0
2016-08-11,arendonk 1,4,4,4,4,4,1,1,1,1
2016-08-11,arendonk 2,135,135,140,140,6,22.5,22.5,23.333333333333332,23.333333333333332
2016-08-11,kasterlee 1,0,0,0,0,1,0,0,0,0
2016-08-11,kasterlee 3,0,0,0,0,1,0,0,0,0
2016-08-12,arendonk 2,42,42,46,46,6,7,7,7.666666666666667,7.666666666666667
2016-08-12,kasterlee 2,0,0,0,0,1,0,0,0,0
2016-08-12,kasterlee 7,0,0,0,0,1,0,0,0,0
2016-08-17,bospoel,0,0,0,0,1,0,0,0,0
2016-08-17,driehoek,0,0,0,0,1,0,0,0,0
2016-08-17,kasterlee 14,0,0,0,0,1,0,0,0,0
2016-08-17,kasterlee 9,0,0,0,0,1,0,0,0,0
2016-08-17,natuurpuntpoel,0,0,0,0,1,0,0,0,0
2016-08-17,rechthoekigevijver 1,0,0,5,5,1,0,0,5,5
2016-08-17,rechthoekigevijver 2,0,0,0,0,1,0,0,0,0
2016-08-18,rechthoekigevijver 1,0,0,6,6,4,0,0,1.5,1.5
2016-09-21,arendonk 1,0,0,0,0,2,0,0,0,0
2016-09-21,arendonk 2,6,6,6,6,6,1,1,1,1
2016-09-21,kasterlee 13,0,0,0,0,1,0,0,0,0
2016-09-21,kasterlee 14,0,0,0,0,1,0,0,0,0
2016-09-21,kasterlee 9,0,0,0,0,1,0,0,0,0
2016-09-22,arendonk 2,5,5,5,5,6,0.8333333333333334,0.8333333333333334,0.8333333333333334,0.8333333333333334
2016-09-23,arendonk 2,5,5,5,5,6,0.8333333333333334,0.8333333333333334,0.8333333333333334,0.8333333333333334
2016-09-23,kasterlee 1,0,0,0,0,1,0,0,0,0
2016-09-23,kasterlee 2,0,0,0,0,1,0,0,0,0
2016-09-23,kasterlee 3,0,0,0,0,1,0,0,0,0
2016-09-23,kasterlee 7,0,0,0,0,1,0,0,0,0
2016-10-19,nijlen b3b,0,0,0,0,1,0,0,0,0
2016-10-19,nijlen b9,0,0,0,0,1,0,0,0,0
2016-10-20,nijlen b12,0,0,0,0,1,0,0,0,0
2016-10-20,nijlen b14,0,0,0,0,2,0,0,0,0
2016-10-20,nijlen b3a,0,0,0,0,1,0,0,0,0
2016-10-21,nijlen b13,0,0,0,0,1,0,0,0,0
2016-10-21,nijlen b4,0,0,0,0,1,0,0,0,0
2016-10-21,nijlen b5,0,0,1,1,1,0,0,1,1
2016-10-21,nijlen b6,0,0,0,0,1,0,0,0,0
2016-10-21,nijlen b7,0,0,0,0,1,0,0,0,0
2016-10-26,kasterlee 1,0,0,0,0,1,0,0,0,0
2016-10-26,kasterlee 12,0,0,0,0,1,0,0,0,0
2016-10-26,kasterlee 13,0,0,0,0,1,0,0,0,0
2016-10-27,arendonk 1,0,0,0,0,1,0,0,0,0
2016-10-27,arendonk 2,0,0,0,0,2,0,0,0,0
2016-10-27,kasterlee 14,0,0,0,0,1,0,0,0,0
2016-10-27,kasterlee 2,0,0,1,1,1,0,0,1,1
2016-10-27,kasterlee 3,0,0,0,0,1,0,0,0,0
2016-10-27,kasterlee 7,0,0,0,0,1,0,0,0,0
2016-10-27,kasterlee 9,0,0,0,0,1,0,0,0,0
2016-10-28,arendonk 2b,0,0,0,0,1,0,0,0,0
2016-10-28,arendonk 3,0,0,2,2,1,0,0,2,2
2016-10-28,arendonk 4,0,0,0,0,1,0,0,0,0
2016-10-28,bospoel,0,0,0,0,1,0,0,0,0
2016-10-28,kasterlee 14,0,0,0,0,1,0,0,0,0
2016-10-28,kasterlee 2,0,0,1,1,1,0,0,1,1
2016-10-28,kasterlee 3,0,0,0,0,1,0,0,0,0
2016-10-28,kasterlee 7,0,0,0,0,1,0,0,0,0
2016-10-28,kasterlee 9,0,0,0,0,1,0,0,0,0
2016-10-28,markmeander,0,0,0,0,1,0,0,0,0
2016-10-28,rechthoekigevijver 1,0,0,0,0,1,0,0,0,0
2016-10-28,rechthoekigevijver 2,0,0,0,0,1,0,0,0,0
2017-04-19,bospoel,0,0,0,0,2,0,0,0,0
2017-04-19,driehoek,0,0,0,0,2,0,0,0,0
2017-04-25,banaan,0,0,0,0,2,0,0,0,0
2017-04-25,natuurpuntpoel,0,0,0,0,1,0,0,0,0
2017-04-25,rechthoekigevijver 1,0,0,0,0,1,0,0,0,0
2017-04-25,rechthoekigevijver 2,0,0,0,0,1,0,0,0,0
2017-04-26,arendonk 2,1,1,1,1,2,0.5,0.5,0.5,0.5
2017-04-26,arendonk 3,0,0,0,0,2,0,0,0,0
2017-04-26,kasterlee 2,0,0,0,0,2,0,0,0,0
2017-04-26,kasterlee 7,0,0,0,0,2,0,0,0,0
2017-04-28,scheps 8,7,7,7,7,2,3.5,3.5,3.5,3.5
2017-04-28,scheps 9,0,0,0,0,2,0,0,0,0
2017-04-28,NA,14,14,14,14,2,7,7,7,7
2017-05-10,nijlen c15,0,0,0,0,1,0,0,0,0
2017-05-10,nijlen c16,0,0,0,0,1,0,0,0,0
2017-05-10,nijlen c3,0,0,0,0,1,0,0,0,0
2017-05-10,nijlen c4,0,0,0,0,1,0,0,0,0
2017-05-10,nijlen c5,0,0,0,0,1,0,0,0,0
2017-05-17,scheps 6,924,924,924,924,3,308,308,308,308
2017-05-17,scheps 7,1,1,1,1,2,0.5,0.5,0.5,0.5
2017-05-17,scheps 8,0,0,0,0,3,0,0,0,0
2017-05-17,scheps 9,0,0,0,0,2,0,0,0,0
2017-05-17,NA,2,2,2,2,2,1,1,1,1
2017-05-18,scheps 6,125,125,125,125,3,41.666666666666664,41.666666666666664,41.666666666666664,41.666666666666664
2017-05-18,scheps 7,0,0,0,0,2,0,0,0,0
2017-05-19,scheps 10,19,19,19,19,2,9.5,9.5,9.5,9.5
2017-05-19,scheps 6,139,139,139,139,3,46.333333333333336,46.333333333333336,46.333333333333336,46.333333333333336
2017-05-19,scheps 7,0,0,0,0,2,0,0,0,0
2017-05-26,scheps 10,20,20,27,27,3,6.666666666666667,6.666666666666667,9,9
2017-05-26,scheps 6,163,163,163,163,3,54.333333333333336,54.333333333333336,54.333333333333336,54.333333333333336
2017-05-31,nijlen b3b,0,0,0,0,1,0,0,0,0
2017-05-31,nijlen b4,0,0,0,0,1,0,0,0,0
2017-05-31,nijlen b5,0,0,0,0,1,0,0,0,0
2017-05-31,nijlen b6,0,0,0,0,1,0,0,0,0
2017-05-31,nijlen b7,0,0,0,0,1,0,0,0,0
2017-05-31,scheps 6,1756,1756,1756,1756,7,250.85714285714286,250.85714285714286,250.85714285714286,250.85714285714286
2017-05-31,scheps 9,0,0,0,0,3,0,0,0,0
2017-06-01,nijlen b13,0,0,0,0,1,0,0,0,0
2017-06-01,nijlen b14,0,0,0,0,1,0,0,0,0
2017-06-01,nijlen b2,0,0,0,0,1,0,0,0,0
2017-06-01,nijlen b3a,0,0,0,0,1,0,0,0,0
2017-06-01,nijlen b9,0,0,1,1,1,0,0,1,1
2017-06-01,scheps 6,149,149,151,151,6,24.833333333333332,24.833333333333332,25.166666666666668,25.166666666666668
2017-06-01,scheps 8,2,2,2,2,3,0.6666666666666666,0.6666666666666666,0.6666666666666666,0.6666666666666666
2017-06-02,nijlen a2,0,0,0,0,3,0,0,0,0
2017-06-02,nijlen a3a,0,0,0,0,1,0,0,0,0
2017-06-02,nijlen b1,0,0,0,0,1,0,0,0,0
2017-06-02,scheps 6,244,244,246,246,7,34.857142857142854,34.857142857142854,35.142857142857146,35.142857142857146
2017-06-18,scheps 10,62,62,62,62,2,31,31,31,31
2017-06-21,arendonk 1,0,0,0,0,1,0,0,0,0
2017-06-21,arendonk 2,0,0,0,0,2,0,0,0,0
2017-06-21,bospoel,0,0,0,0,1,0,0,0,0
2017-06-21,natuurpuntpoel,0,0,0,0,1,0,0,0,0
2017-06-21,rechthoekigevijver 1,0,0,0,0,1,0,0,0,0
2017-06-21,rechthoekigevijver 2,0,0,0,0,1,0,0,0,0
2017-06-21,scheps 6,219,219,221,221,7,31.285714285714285,31.285714285714285,31.571428571428573,31.571428571428573
2017-06-22,arendonk 2b,0,0,0,0,1,0,0,0,0
2017-06-22,arendonk 3,0,0,7,7,2,0,0,3.5,3.5
2017-06-22,arendonk 4,0,0,0,0,1,0,0,0,0
2017-06-23,kasterlee 1,0,0,0,0,1,0,0,0,0
2017-06-23,kasterlee 14,0,0,0,0,1,0,0,0,0
2017-06-23,kasterlee 3,0,0,0,0,1,0,0,0,0
2017-06-23,kasterlee 7,0,0,0,0,1,0,0,0,0
2017-06-23,kasterlee 9,0,0,0,0,1,0,0,0,0
2017-06-28,arendonk 3,35,35,139,139,8,4.375,4.375,17.375,17.375
2017-06-28,kasterlee 12,0,0,0,0,1,0,0,0,0
2017-06-28,kasterlee 2,0,0,0,0,1,0,0,0,0
2017-07-05,scheps 6,102,102,108,108,5,20.4,20.4,21.6,21.6
2017-07-06,scheps 10,1,1,9,9,5,0.2,0.2,1.8,1.8
2017-07-06,scheps 6,53,53,60,60,5,10.6,10.6,12,12
2017-07-12,arendonk 1,0,0,0,0,2,0,0,0,0
2017-07-12,arendonk 3,77,77,78,78,8,9.625,9.625,9.75,9.75
2017-07-13,arendonk 2,0,0,0,0,2,0,0,0,0
2017-07-13,arendonk 3,42,42,42,42,8,5.25,5.25,5.25,5.25
2017-07-14,arendonk 3,58,58,58,58,8,7.25,7.25,7.25,7.25
2017-07-14,kasterlee 12,0,0,0,0,1,0,0,0,0
2017-07-14,kasterlee 13,0,0,0,0,1,0,0,0,0
2017-07-19,arendonk 3,14,14,14,14,5,2.8,2.8,2.8,2.8
2017-07-19,kasterlee 1,0,0,0,0,1,0,0,0,0
2017-07-19,kasterlee 14,0,0,0,0,1,0,0,0,0
2017-07-19,kasterlee 2,0,0,0,0,1,0,0,0,0
2017-07-19,kasterlee 7,0,0,0,0,1,0,0,0,0
2017-07-19,kasterlee 9,0,0,0,0,1,0,0,0,0
2017-07-20,arendonk 3,11,11,11,11,5,2.2,2.2,2.2,2.2
2017-07-20,nijlen b2,0,0,0,0,1,0,0,0,0
2017-07-20,nijlen b3b,0,0,0,0,1,0,0,0,0
2017-07-20,nijlen b4,0,0,0,0,1,0,0,0,0
2017-07-20,nijlen b5,0,0,0,0,1,0,0,0,0
2017-07-20,nijlen b6,0,0,0,0,1,0,0,0,0
2017-07-20,retiebaan 1,0,0,0,0,3,0,0,0,0
2017-07-20,retiebaan 2,0,0,1,1,2,0,0,0.5,0.5
2017-07-26,nijlen b11,0,0,0,0,1,0,0,0,0
2017-07-26,nijlen b13,0,0,0,0,1,0,0,0,0
2017-07-26,nijlen b14,0,0,0,0,1,0,0,0,0
2017-07-26,nijlen b7,0,0,0,0,1,0,0,0,0
2017-07-26,nijlen b9,0,0,0,0,1,0,0,0,0
2017-07-27,nijlen a2,0,0,0,0,3,0,0,0,0
2017-07-27,nijlen b3a,0,0,0,0,1,0,0,0,0
2017-07-27,nijlen b3b,0,0,0,0,1,0,0,0,0
2017-07-28,nijlen c15,0,0,0,0,1,0,0,0,0
2017-07-28,nijlen c16,0,0,0,0,1,0,0,0,0
2017-07-28,nijlen c3,0,0,0,0,1,0,0,0,0
2017-07-28,nijlen c5,0,0,0,0,1,0,0,0,0
2017-07-28,nijlen c6,0,0,0,0,1,0,0,0,0
2017-08-01,nijlen c13,0,0,0,0,1,0,0,0,0
2017-08-02,bospoel,0,0,0,0,1,0,0,0,0
2017-08-02,driehoek,0,0,0,0,1,0,0,0,0
2017-08-02,nijlen c11,0,0,0,0,1,0,0,0,0
2017-08-02,nijlen c12,0,0,0,0,1,0,0,0,0
2017-08-02,nijlen c8,0,0,0,0,1,0,0,0,0
2017-08-02,rechthoekigevijver 1,0,0,0,0,1,0,0,0,0
2017-08-02,rechthoekigevijver 2,0,0,0,0,1,0,0,0,0
2017-08-02,watermolen,0,0,0,0,4,0,0,0,0
2017-08-04,scheps 6,4,4,5,5,7,0.5714285714285714,0.5714285714285714,0.7142857142857143,0.7142857142857143
2017-08-04,scheps 8,0,0,0,0,3,0,0,0,0
2017-08-09,scheps 10,0,0,9,9,4,0,0,2.25,2.25
2017-08-09,scheps 11,0,0,0,0,1,0,0,0,0
2017-08-09,scheps 6,0,0,0,0,2,0,0,0,0
2017-08-09,scheps 7,0,0,0,0,1,0,0,0,0
2017-08-09,scheps 8,0,0,0,0,1,0,0,0,0
2017-08-09,scheps 9,0,0,0,0,1,0,0,0,0
2017-08-17,arendonk 2,0,0,253,253,2,0,0,126.5,126.5
2017-08-17,arendonk 3,4,4,23,23,4,1,1,5.75,5.75
2017-08-17,bospoel,0,0,0,0,1,0,0,0,0
2017-08-17,driehoek,0,0,0,0,1,0,0,0,0
2017-08-17,rechthoekigevijver 1,0,0,0,0,1,0,0,0,0
2017-08-17,rechthoekigevijver 2,0,0,0,0,1,0,0,0,0
2017-08-20,scheps 2,80,80,193,193,7,11.428571428571429,11.428571428571429,27.571428571428573,27.571428571428573
2017-09-14,arendonk 2,0,0,1387,1387,3,0,0,462.3333333333333,462.3333333333333
2017-09-14,arendonk 3,0,0,67,67,2,0,0,33.5,33.5
2017-09-14,scheps 2,19,19,26,26,3,6.333333333333333,6.333333333333333,8.666666666666666,8.666666666666666
2017-09-14,scheps 6,1,1,2,2,1,1,1,2,2
2017-09-14,scheps 8,0,0,1,1,1,0,0,1,1
2017-09-28,scheps 10,0,0,0,0,3,0,0,0,0
2017-09-28,scheps 14,0,0,0,0,2,0,0,0,0
2017-09-28,scheps 15,0,0,0,0,2,0,0,0,0
2017-09-28,scheps 6,0,0,0,0,3,0,0,0,0
2017-09-29,scheps 10,0,0,5,5,3,0,0,1.6666666666666667,1.6666666666666667
2017-09-29,scheps 6,0,0,2,2,3,0,0,0.6666666666666666,0.6666666666666666
2017-10-04,arendonk 1,0,0,0,0,2,0,0,0,0
2017-10-04,arendonk 2,349,349,817,817,8,43.625,43.625,102.125,102.125
2017-10-05,arendonk 2,342,342,888,888,8,42.75,42.75,111,111
2017-10-05,arendonk 3,8,8,24,24,2,4,4,12,12
2017-10-06,arendonk 2,334,334,683,683,8,41.75,41.75,85.375,85.375
2017-10-06,arendonk 3,0,0,15,15,2,0,0,7.5,7.5
2017-10-12,arendonk 2,28,28,492,492,3,9.333333333333334,9.333333333333334,164,164
2017-10-12,kasterlee 1,0,0,0,0,1,0,0,0,0
2017-10-12,kasterlee 14,0,0,0,0,1,0,0,0,0
2017-10-12,kasterlee 2,0,0,0,0,1,0,0,0,0
2017-10-12,kasterlee 7,0,0,1,1,1,0,0,1,1
2017-10-12,kasterlee 9,0,0,0,0,1,0,0,0,0
2017-10-12,nijlen b6,0,0,0,0,1,0,0,0,0
2017-10-13,arendonk 2,61,61,123,123,3,20.333333333333332,20.333333333333332,41,41
2017-10-13,kasterlee 12,0,0,0,0,1,0,0,0,0
2017-10-13,kasterlee 13,0,0,0,0,1,0,0,0,0
2017-10-13,kasterlee 3,0,0,0,0,1,0,0,0,0
2017-10-13,nijlen b13,0,0,0,0,1,0,0,0,0
2017-10-13,nijlen b5,0,0,0,0,1,0,0,0,0
2017-10-13,nijlen b7,0,0,0,0,1,0,0,0,0
2017-10-13,nijlen c15,0,0,0,0,1,0,0,0,0
2017-10-13,nijlen c16,0,0,0,0,1,0,0,0,0
2017-10-18,arendonk 2,45,45,89,89,3,15,15,29.666666666666668,29.666666666666668
2017-10-18,arendonk 3,9,9,13,13,2,4.5,4.5,6.5,6.5
2017-10-18,bospoel,0,0,0,0,1,0,0,0,0
2017-10-18,driehoek,0,0,0,0,1,0,0,0,0
2017-10-18,nijlen c11,0,0,0,0,1,0,0,0,0
2017-10-18,nijlen c12,0,0,0,0,1,0,0,0,0
2017-10-18,nijlen c13,0,0,0,0,1,0,0,0,0
2017-10-18,nijlen c14,0,0,0,0,1,0,0,0,0
2017-10-18,nijlen c5,0,0,0,0,1,0,0,0,0
2017-10-18,rechthoekigevijver 1,0,0,0,0,1,0,0,0,0
2017-10-18,rechthoekigevijver 2,0,0,0,0,1,0,0,0,0
2017-10-19,arendonk 2,14,14,65,65,3,4.666666666666667,4.666666666666667,21.666666666666668,21.666666666666668
2017-10-19,arendonk 3,1,1,41,41,2,0.5,0.5,20.5,20.5
2017-10-20,arendonk 2,2,2,29,29,3,0.6666666666666666,0.6666666666666666,9.666666666666666,9.666666666666666
2017-10-20,arendonk 3,58,58,96,96,2,29,29,48,48
2017-10-20,kasterlee 14,0,0,0,0,1,0,0,0,0
2017-10-20,kasterlee 2,0,0,0,0,1,0,0,0,0
2017-10-20,kasterlee 3,0,0,0,0,1,0,0,0,0
2017-10-20,kasterlee 7,0,0,0,0,1,0,0,0,0
2017-10-20,kasterlee 9,0,0,0,0,1,0,0,0,0
2017-10-25,nijlen a4,0,0,0,0,1,0,0,0,0
2017-10-25,nijlen b14,0,0,0,0,1,0,0,0,0
2017-10-25,nijlen b3b,0,0,0,0,1,0,0,0,0
2017-10-25,nijlen b9,0,0,0,0,1,0,0,0,0
2017-10-25,nijlen c8,0,0,0,0,1,0,0,0,0
2017-10-26,nijlen c2,0,0,0,0,1,0,0,0,0
2017-10-26,nijlen c3,0,0,0,0,1,0,0,0,0
2017-10-26,nijlen c6,0,0,0,0,1,0,0,0,0
2017-10-26,nijlen c9,0,0,0,0,1,0,0,0,0
2017-12-10,nijlen b2,0,0,0,0,1,0,0,0,0
2017-12-10,nijlen b3a,0,0,0,0,1,0,0,0,0
2017-12-10,nijlen b3b,0,0,0,0,1,0,0,0,0
2017-12-10,nijlen b4,0,0,0,0,1,0,0,0,0
2018-04-24,arendonk 2,145,145,252,252,2,72.5,72.5,126,126
2018-04-24,kasterlee 3,0,0,0,0,1,0,0,0,0
2018-04-24,kasterlee 7,0,0,0,0,2,0,0,0,0
2018-04-25,nijlen a3b,0,0,0,0,1,0,0,0,0
2018-04-25,nijlen b13,0,0,0,0,1,0,0,0,0
2018-04-25,nijlen b9,0,0,0,0,1,0,0,0,0
2018-04-25,nijlen c16,0,0,0,0,1,0,0,0,0
2018-04-25,nijlen c2,0,0,0,0,1,0,0,0,0
2018-04-26,scheps 10,0,0,0,0,2,0,0,0,0
2018-04-26,scheps 6,0,0,0,0,3,0,0,0,0
2018-05-08,kasterlee 14,0,0,0,0,2,0,0,0,0
2018-05-08,kasterlee 2,0,0,0,0,1,0,0,0,0
2018-05-08,kasterlee 9,0,0,0,0,2,0,0,0,0
2018-05-09,kasterlee 12,0,0,0,0,1,0,0,0,0
2018-05-09,kasterlee 13,0,0,0,0,2,0,0,0,0
2018-05-09,kasterlee 3,0,0,0,0,2,0,0,0,0
2018-05-15,arendonk 2,235,235,315,315,4,58.75,58.75,78.75,78.75
2018-05-15,arendonk 2b,0,0,0,0,1,0,0,0,0
2018-05-16,arendonk 2,347,347,465,465,3,115.66666666666667,115.66666666666667,155,155
2018-05-16,arendonk 3,195,195,208,208,2,97.5,97.5,104,104
2018-05-17,arendonk 2,100,100,121,121,3,33.333333333333336,33.333333333333336,40.333333333333336,40.333333333333336
2018-05-17,arendonk 3,258,258,394,394,2,129,129,197,197
2018-05-23,arendonk 2,46,46,54,54,3.5,13.142857142857142,13.142857142857142,15.428571428571429,15.428571428571429
2018-05-23,arendonk 3,176,176,221,221,5,35.2,35.2,44.2,44.2
2018-05-27,nijlen c11,0,0,0,0,2,0,0,0,0
2018-05-29,arendonk 3,62,62,63,63,3,20.666666666666668,20.666666666666668,21,21
2018-05-30,nijlen c13,0,0,0,0,2,0,0,0,0
2018-05-30,nijlen c14,0,0,0,0,3,0,0,0,0
2018-05-31,nijlen c12,0,0,0,0,3,0,0,0,0
2018-06-01,nijlen c15,0,0,0,0,2,0,0,0,0
2018-06-01,nijlen c16,0,0,0,0,3,0,0,0,0
2018-06-06,nijlen b10,0,0,6,6,5,0,0,1.2,1.2
2018-06-06,nijlen b4,0,0,8,8,3,0,0,2.6666666666666665,2.6666666666666665
2018-06-08,nijlen b10,0,0,2,2,3,0,0,0.6666666666666666,0.6666666666666666
2018-06-12,kasterlee 14,0,0,0,0,2,0,0,0,0
2018-06-12,kasterlee 3,0,0,0,0,4,0,0,0,0
2018-06-12,kasterlee 9,0,0,0,0,3,0,0,0,0
2018-06-13,kasterlee 1,0,0,0,0,2,0,0,0,0
2018-06-13,kasterlee 2,0,0,0,0,3,0,0,0,0
2018-06-13,kasterlee 7,0,0,0,0,2,0,0,0,0
2018-06-14,kasterlee 12,0,0,0,0,2,0,0,0,0
2018-06-14,kasterlee 13,0,0,0,0,2,0,0,0,0
2018-06-19,arendonk 2,24,24,25,25,3,8,8,8.333333333333334,8.333333333333334
2018-06-20,arendonk 2,32,32,33,33,3,10.666666666666666,10.666666666666666,11,11
2018-06-21,arendonk 2,54,54,54,54,5,10.8,10.8,10.8,10.8
2018-06-21,arendonk 2b,0,0,0,0,2,0,0,0,0
2018-06-21,arendonk 3,279,279,279,279,3,93,93,93,93
2018-06-21,nijlen d3,0,0,0,0,3,0,0,0,0
2018-06-22,arendonk 1,0,0,0,0,2,0,0,0,0
2018-06-22,arendonk 2,30,30,30,30,4,7.5,7.5,7.5,7.5
2018-06-22,arendonk 3,62,62,63,63,4,15.5,15.5,15.75,15.75
2018-06-22,nijlen d3,0,0,0,0,3,0,0,0,0
2018-06-26,arendonk 2,10,10,11,11,4,2.5,2.5,2.75,2.75
2018-06-26,arendonk 3,116,116,122,122,4,29,29,30.5,30.5
2018-06-26,arendonk 4,34,34,54,54,2,17,17,27,27
2018-06-27,arendonk 2,14,14,14,14,4,3.5,3.5,3.5,3.5
2018-06-27,arendonk 3,66,66,66,66,3,22,22,22,22
2018-06-27,arendonk 4,0,0,21,21,2,0,0,10.5,10.5
2018-06-27,nijlen b3a,0,0,0,0,3,0,0,0,0
2018-06-28,arendonk 2,22,22,46,46,5,4.4,4.4,9.2,9.2
2018-06-28,arendonk 3,70,70,72,72,4,17.5,17.5,18,18
2018-06-28,nijlen b3a,0,0,0,0,8,0,0,0,0
2018-07-04,banaan,0,0,0,0,1,0,0,0,0
2018-07-04,bospoel,0,0,0,0,1,0,0,0,0
2018-07-04,natuurpuntpoel,0,0,0,0,1,0,0,0,0
2018-07-04,rechthoekigevijver 1,0,0,0,0,1,0,0,0,0
2018-07-04,rechthoekigevijver 2,0,0,0,0,1,0,0,0,0
2018-07-06,scheps 20,8,8,25,25,9,0.8888888888888888,0.8888888888888888,2.7777777777777777,2.7777777777777777
2018-07-06,scheps 6,0,0,0,0,1,0,0,0,0
2018-07-06,scheps 7,0,0,0,0,1,0,0,0,0
2018-07-06,scheps 8,0,0,0,0,1,0,0,0,0
2018-07-06,scheps 9,0,0,0,0,1,0,0,0,0
2018-07-17,kasterlee 1,0,0,0,0,2,0,0,0,0
2018-07-17,kasterlee 12,0,0,0,0,1,0,0,0,0
2018-07-17,kasterlee 13,0,0,0,0,1,0,0,0,0
2018-07-17,kasterlee 14,2,2,2,2,2,1,1,1,1
2018-07-17,kasterlee 2,0,0,0,0,2,0,0,0,0
2018-07-17,kasterlee 3,0,0,0,0,1,0,0,0,0
2018-07-17,kasterlee 9,0,0,0,0,1,0,0,0,0
2018-07-18,nijlen b10,5,5,3857,3857,6,0.8333333333333334,0.8333333333333334,642.8333333333334,642.8333333333334
2018-07-18,retiebaan 1,0,0,0,0,1,0,0,0,0
2018-07-18,retiebaan 2,0,0,0,0,2,0,0,0,0
2018-07-18,scheps 10,0,0,9,9,3,0,0,3,3
2018-07-18,scheps 11,0,0,0,0,2,0,0,0,0
2018-07-18,scheps 20,16,16,312,312,5,3.2,3.2,62.4,62.4
2018-07-18,scheps 25,0,0,1,1,1,0,0,1,1
2018-07-18,scheps 8,0,0,1,1,2,0,0,0.5,0.5
2018-07-18,watermolen,0,0,0,0,1,0,0,0,0
2018-07-19,nijlen b9,0,0,0,0,1,0,0,0,0
2018-07-19,scheps 10,0,0,6,6,3,0,0,2,2
2018-07-19,scheps 20,0,0,166,166,5,0,0,33.2,33.2
2018-07-19,scheps 6,0,0,0,0,2,0,0,0,0
2018-07-20,arendonk 2,49,49,1138,1138,5,9.8,9.8,227.6,227.6
2018-07-20,arendonk 3,90,90,108,108,5,18,18,21.6,21.6
2018-07-20,nijlen b10,3,3,1897,1897,6,0.5,0.5,316.1666666666667,316.1666666666667
2018-07-20,nijlen b13,0,0,0,0,1,0,0,0,0
2018-07-20,scheps 10,0,0,2,2,3,0,0,0.6666666666666666,0.6666666666666666
2018-07-20,scheps 20,0,0,142,142,5,0,0,28.4,28.4
2018-07-20,scheps 6,0,0,1,1,2,0,0,0.5,0.5
2018-07-21,scheps 20,0,0,78,78,5,0,0,15.6,15.6
2018-07-24,arendonk 2,7,7,3435,3435,10,0.7,0.7,343.5,343.5
2018-07-25,arendonk 2,7,7,1319,1319,10,0.7,0.7,131.9,131.9
2018-07-25,scheps 10,0,0,3,3,2,0,0,1.5,1.5
2018-07-25,scheps 20,0,0,233,233,5,0,0,46.6,46.6
2018-07-25,scheps 7,0,0,0,0,2,0,0,0,0
2018-07-25,scheps 8,0,0,0,0,2,0,0,0,0
2018-07-26,arendonk 1,0,0,0,0,1,0,0,0,0
2018-07-26,arendonk 3,51,51,70,70,9,5.666666666666667,5.666666666666667,7.777777777777778,7.777777777777778
2018-07-26,nijlen c5,0,0,0,0,4,0,0,0,0
2018-07-26,nijlen d3,0,0,4,4,4,0,0,1,1
2018-07-26,scheps 10,0,0,0,0,2,0,0,0,0
2018-07-26,scheps 20,0,0,209,209,5,0,0,41.8,41.8
2018-07-26,scheps 7,0,0,0,0,2,0,0,0,0
2018-07-26,scheps 8,0,0,0,0,2,0,0,0,0
2018-07-27,arendonk 3,34,34,50,50,9,3.7777777777777777,3.7777777777777777,5.555555555555555,5.555555555555555
2018-07-27,nijlen c3,0,0,0,0,2,0,0,0,0
2018-07-27,scheps 10,0,0,1,1,2,0,0,0.5,0.5
2018-07-27,scheps 20,0,0,111,111,5,0,0,22.2,22.2
2018-07-27,scheps 7,0,0,0,0,2,0,0,0,0
2018-07-27,scheps 8,0,0,0,0,2,0,0,0,0
2018-07-31,arendonk 2,59,59,133,133,2,29.5,29.5,66.5,66.5
2018-07-31,arendonk 3,17,17,39,39,8,2.125,2.125,4.875,4.875
2018-08-01,arendonk 2,9,9,51,51,2,4.5,4.5,25.5,25.5
2018-08-01,bospoel,0,0,0,0,1,0,0,0,0
2018-08-01,driehoek,0,0,0,0,1,0,0,0,0
2018-08-01,nijlen c11,0,0,0,0,3,0,0,0,0
2018-08-01,nijlen c7,0,0,1,1,3,0,0,0.3333333333333333,0.3333333333333333
2018-08-01,nijlen c8,0,0,0,0,2,0,0,0,0
2018-08-01,rechthoekigevijver 1,0,0,0,0,1,0,0,0,0
2018-08-01,rechthoekigevijver 2,0,0,0,0,1,0,0,0,0
2018-08-02,arendonk 2,25,25,79,79,2,12.5,12.5,39.5,39.5
2018-08-02,arendonk 3,12,12,28,28,8,1.5,1.5,3.5,3.5
2018-08-02,nijlen b2,0,0,0,0,8,0,0,0,0
2018-08-03,arendonk 2,159,159,220,220,2,79.5,79.5,110,110
2018-08-03,arendonk 3,12,12,30,30,8,1.5,1.5,3.75,3.75
2018-08-03,nijlen b12,0,0,0,0,3,0,0,0,0
2018-08-03,nijlen b3b,0,0,0,0,1,0,0,0,0
2018-08-03,nijlen b5,0,0,0,0,2,0,0,0,0
2018-08-03,nijlen b6,0,0,0,0,2,0,0,0,0
2018-08-08,arendonk 2,265,265,501,501,2,132.5,132.5,250.5,250.5
2018-08-08,arendonk 3,3,3,16,16,8,0.375,0.375,2,2
2018-08-09,arendonk 2,68,68,96,96,2,34,34,48,48
2018-08-09,arendonk 3,3,3,6,6,8,0.375,0.375,0.75,0.75
2018-08-10,arendonk 2,114,114,151,151,2,57,57,75.5,75.5
2018-08-10,arendonk 3,22,22,76,76,8,2.75,2.75,9.5,9.5
2018-08-10,bospoel,0,0,0,0,1,0,0,0,0
2018-08-10,driehoek,0,0,0,0,1,0,0,0,0
2018-08-10,natuurpuntpoel,0,0,0,0,1,0,0,0,0
2018-08-10,rechthoekigevijver 1,0,0,0,0,1,0,0,0,0
2018-08-10,rechthoekigevijver 2,0,0,0,0,1,0,0,0,0
2018-08-14,kasterlee 1,0,0,0,0,1,0,0,0,0
2018-08-14,kasterlee 12,0,0,0,0,1,0,0,0,0
2018-08-14,kasterlee 13,0,0,0,0,1,0,0,0,0
2018-08-14,kasterlee 14,0,0,0,0,1,0,0,0,0
2018-08-14,kasterlee 2,0,0,0,0,1,0,0,0,0
2018-08-14,kasterlee 3,0,0,0,0,1,0,0,0,0
2018-08-14,kasterlee 9,0,0,0,0,1,0,0,0,0
2018-08-14,retiebaan 1,0,0,0,0,1,0,0,0,0
2018-08-14,retiebaan 2,0,0,0,0,1,0,0,0,0
2018-08-21,arendonk 2,859,859,1481,1481,5,171.8,171.8,296.2,296.2
2018-08-21,arendonk 3,0,0,0,0,5,0,0,0,0
2018-08-22,arendonk 2,479,479,1004,1004,5,95.8,95.8,200.8,200.8
2018-08-22,arendonk 3,0,0,0,0,5,0,0,0,0
2018-08-23,arendonk 2,606,606,1297,1297,5,121.2,121.2,259.4,259.4
2018-08-24,arendonk 2,334,334,571,571,5,66.8,66.8,114.2,114.2
2018-08-27,nijlen c15,0,0,0,0,2,0,0,0,0
2018-08-29,nijlen a3b,0,0,0,0,4,0,0,0,0
2018-08-29,nijlen b10,2184,2184,2912,2912,4,546,546,728,728
2018-08-29,NA,0,0,0,0,4,0,0,0,0
2018-08-30,arendonk 2,334,334,571,571,10,33.4,33.4,57.1,57.1
2018-08-30,nijlen b10,1100,1100,1802,1802,2,550,550,901,901
2018-08-30,nijlen c14,0,0,0,0,2,0,0,0,0
2018-08-30,nijlen c15,0,0,0,0,2,0,0,0,0
2018-08-30,nijlen c9,0,0,0,0,2,0,0,0,0
2018-08-31,nijlen b10,1110,1110,1200,1200,2,555,555,600,600
2018-08-31,nijlen c11,0,0,0,0,2,0,0,0,0
2018-08-31,nijlen c7,0,0,0,0,1,0,0,0,0
2018-08-31,nijlen c8,0,0,0,0,1,0,0,0,0
2018-08-31,nijlen c9,0,0,0,0,2,0,0,0,0
2018-09-04,arendonk 2,235,235,496,496,10,23.5,23.5,49.6,49.6
2018-09-05,arendonk 2,203,203,516,516,10,20.3,20.3,51.6,51.6
2018-09-05,nijlen b10,2240,2240,3360,3360,2,1120,1120,1680,1680
2018-09-05,nijlen c12,2,2,2,2,1,2,2,2,2
2018-09-05,nijlen c13,0,0,0,0,2,0,0,0,0
2018-09-05,nijlen d3,1,1,1,1,2,0.5,0.5,0.5,0.5
2018-09-06,arendonk 2,419,419,494,494,10,41.9,41.9,49.4,49.4
2018-09-07,arendonk 2,187,187,347,347,10,18.7,18.7,34.7,34.7
2018-09-11,arendonk 2,224,224,310,310,10,22.4,22.4,31,31
2018-09-12,arendonk 2,119,119,192,192,10,11.9,11.9,19.2,19.2
2018-09-18,arendonk 2,0,0,0,0,12,0,0,0,0
2018-09-18,kasterlee 1,0,0,0,0,1,0,0,0,0
2018-09-18,kasterlee 12,0,0,0,0,1,0,0,0,0
2018-09-18,kasterlee 2,0,0,0,0,1,0,0,0,0
2018-09-18,kasterlee 3,0,0,0,0,1,0,0,0,0
2018-09-18,kasterlee 7,0,0,0,0,1,0,0,0,0
2018-09-18,kasterlee 9,0,0,0,0,1,0,0,0,0
2018-09-18,retiebaan 1,0,0,0,0,1,0,0,0,0
2018-09-18,retiebaan 2,0,0,0,0,1,0,0,0,0
2018-09-19,arendonk 2,154,154,298,298,10,15.4,15.4,29.8,29.8
2018-09-20,arendonk 2,49,49,68,68,10,4.9,4.9,6.8,6.8
2018-09-21,arendonk 2,112,112,143,143,10,11.2,11.2,14.3,14.3
2018-09-21,bospoel,0,0,0,0,1,0,0,0,0
2018-09-21,driehoek,0,0,0,0,1,0,0,0,0
2018-09-21,natuurpuntpoel,0,0,0,0,1,0,0,0,0
2018-09-21,rechthoekigevijver 1,0,0,0,0,1,0,0,0,0
2018-09-21,rechthoekigevijver 2,0,0,0,0,1,0,0,0,0
2018-09-23,scheps 2,285,285,393,393,6,47.5,47.5,65.5,65.5
2018-09-23,scheps 20,822,822,827,827,8,102.75,102.75,103.375,103.375
2018-09-25,arendonk 2,7,7,10,10,10,0.7,0.7,1,1
2018-09-26,arendonk 2,24,24,29,29,10,2.4,2.4,2.9,2.9
2018-09-27,arendonk 2,13,13,18,18,10,1.3,1.3,1.8,1.8
2018-09-28,arendonk 2,33,33,35,35,10,3.3,3.3,3.5,3.5
2018-10-02,arendonk 2,6,6,8,8,5,1.2,1.2,1.6,1.6
2018-10-02,arendonk 2b,0,0,0,0,1,0,0,0,0
2018-10-02,arendonk 3,0,0,0,0,3,0,0,0,0
2018-10-12,bospoel,0,0,0,0,1,0,0,0,0
2018-10-12,driehoek,0,0,0,0,1,0,0,0,0
2018-10-12,natuurpuntpoel,0,0,0,0,1,0,0,0,0
2018-10-12,rechthoekigevijver 1,0,0,0,0,1,0,0,0,0
2018-10-12,rechthoekigevijver 2,0,0,0,0,1,0,0,0,0
2018-10-14,scheps 20,601,601,603,603,7,85.85714285714286,85.85714285714286,86.14285714285714,86.14285714285714
2018-10-18,arendonk-visput,0,0,0,0,4,0,0,0,0
2018-10-18,kasterlee 11a,0,0,0,0,2,0,0,0,0
2019-05-07,arendonk 1,0,0,0,0,2,0,0,0,0
2019-05-07,arendonk 2,0,0,0,0,1,0,0,0,0
2019-05-07,arendonk 3,0,0,0,0,1,0,0,0,0
2019-05-07,arendonk 4,0,0,0,0,1,0,0,0,0
2019-05-07,kasterlee 11b,0,0,0,0,1,0,0,0,0
2019-05-07,kasterlee 3,0,0,0,0,1,0,0,0,0
2019-05-07,kasterlee 7,0,0,0,0,1,0,0,0,0
2019-05-08,nijlen b10,68,68,94,94,3,22.666666666666668,22.666666666666668,31.333333333333332,31.333333333333332
2019-05-08,nijlen b12,0,0,0,0,1,0,0,0,0
2019-05-08,nijlen b4,0,0,0,0,2,0,0,0,0
2019-05-08,nijlen b6,0,0,0,0,1,0,0,0,0
2019-05-08,nijlen b9,0,0,1,1,1,0,0,1,1
2019-05-16,mol 1,0,0,0,0,1,0,0,0,0
2019-05-16,mol 14,0,0,0,0,1,0,0,0,0
2019-05-16,mol 3 & 5,0,0,0,0,2,0,0,0,0
2019-05-16,mol 34,0,0,0,0,1,0,0,0,0
2019-05-16,mol 39,0,0,0,0,1,0,0,0,0
2019-05-16,mol 42,0,0,0,0,1,0,0,0,0
2019-05-16,mol 43,0,0,0,0,1,0,0,0,0
2019-05-17,banaan,0,0,0,0,1,0,0,0,0
2019-05-17,bospoel,0,0,0,0,2,0,0,0,0
2019-05-17,driehoek,0,0,0,0,2,0,0,0,0
2019-05-17,natuurpuntpoel,0,0,0,0,1,0,0,0,0
2019-05-17,rechthoekigevijver 1,0,0,0,0,1,0,0,0,0
2019-05-17,rechthoekigevijver 2,0,0,0,0,1,0,0,0,0
2019-05-21,kasterlee 1,0,0,0,0,2,0,0,0,0
2019-05-21,kasterlee 12,0,0,0,0,1,0,0,0,0
2019-05-21,kasterlee 13,0,0,0,0,1,0,0,0,0
2019-05-21,kasterlee 2,0,0,0,0,1,0,0,0,0
2019-05-21,retiebaan 1,0,0,0,0,2,0,0,0,0
2019-05-21,retiebaan 2,0,0,0,0,2,0,0,0,0
2019-05-21,watermolen,0,0,0,0,1,0,0,0,0
2019-05-22,nijlen b10,109,109,124,124,3,36.333333333333336,36.333333333333336,41.333333333333336,41.333333333333336
2019-05-22,nijlen b3b,0,0,0,0,2,0,0,0,0
2019-05-22,nijlen b5,0,0,0,0,2,0,0,0,0
2019-05-22,nijlen b9,2,2,2,2,1,2,2,2,2
2019-05-23,nijlen b12,0,0,0,0,1,0,0,0,0
2019-05-24,nijlen b10,84,84,113,113,3,28,28,37.666666666666664,37.666666666666664
2019-05-24,nijlen b3b,0,0,0,0,1,0,0,0,0
2019-05-24,nijlen b9,4,4,4,4,1,4,4,4,4
2019-05-24,nijlen d10,1,1,21,21,3,0.3333333333333333,0.3333333333333333,7,7
2019-05-24,nijlen d4,0,0,0,0,3,0,0,0,0
2019-05-28,arendonk 1,0,0,0,0,1,0,0,0,0
2019-05-28,arendonk 2,173,173,173,173,5,34.6,34.6,34.6,34.6
2019-05-28,arendonk 3,0,0,0,0,3,0,0,0,0
2019-05-28,arendonk 4,0,0,0,0,1,0,0,0,0
2019-05-29,nijlen b10,72,72,86,86,3,24,24,28.666666666666668,28.666666666666668
2019-05-29,nijlen b12,0,0,0,0,1,0,0,0,0
2019-05-29,nijlen b13,0,0,0,0,2,0,0,0,0
2019-05-29,nijlen b7,0,0,0,0,1,0,0,0,0
2019-05-29,nijlen b9,0,0,0,0,1,0,0,0,0
2019-06-04,arendonk 2,282,282,285,285,9,31.333333333333332,31.333333333333332,31.666666666666668,31.666666666666668
2019-06-04,arendonk 3,0,0,0,0,1,0,0,0,0
2019-06-05,arendonk 3,0,0,0,0,1,0,0,0,0
2019-06-05,NA,132,132,134,134,9,14.666666666666666,14.666666666666666,14.88888888888889,14.88888888888889
2019-06-06,arendonk 2,45,45,45,45,9,5,5,5,5
2019-06-06,arendonk 3,0,0,0,0,1,0,0,0,0
2019-06-06,nijlen b10,674,674,813,813,4,168.5,168.5,203.25,203.25
2019-06-06,nijlen b15,0,0,1,1,4,0,0,0.25,0.25
2019-06-07,nijlen d5,0,0,0,0,9,0,0,0,0
2019-06-18,arendonk 2,19,19,19,19,5,3.8,3.8,3.8,3.8
2019-06-19,arendonk 2,35,35,36,36,5,7,7,7.2,7.2
2019-06-19,scheps 10,0,0,0,0,3,0,0,0,0
2019-06-19,scheps 20,745,745,753,753,8,93.125,93.125,94.125,94.125
2019-06-19,scheps 6,68,68,68,68,1,68,68,68,68
2019-06-19,scheps 8,0,0,0,0,1,0,0,0,0
2019-06-20,arendonk 2,15,15,15,15,5,3,3,3,3
2019-06-20,nijlen b10,374,374,437,437,7,53.42857142857143,53.42857142857143,62.42857142857143,62.42857142857143
2019-06-20,scheps 20,226,226,245,245,8,28.25,28.25,30.625,30.625
2019-06-21,nijlen b6,0,0,0,0,2,0,0,0,0
2019-06-21,scheps 20,99,99,100,100,8,12.375,12.375,12.5,12.5
2019-06-21,scheps 7,125,125,145,145,3,41.666666666666664,41.666666666666664,48.333333333333336,48.333333333333336
2019-06-21,scheps 9,0,0,2,2,1,0,0,2,2
2019-06-22,scheps 20,141,141,144,144,8,17.625,17.625,18,18
2019-06-25,kasterlee 1,0,0,0,0,1,0,0,0,0
2019-06-25,kasterlee 12,0,0,0,0,1,0,0,0,0
2019-06-25,kasterlee 13,0,0,0,0,2,0,0,0,0
2019-06-25,kasterlee 14,0,0,0,0,1,0,0,0,0
2019-06-25,kasterlee 2,0,0,0,0,1,0,0,0,0
2019-06-25,kasterlee 3,0,0,0,0,1,0,0,0,0
2019-06-25,kasterlee 7,0,0,0,0,1,0,0,0,0
2019-06-25,retiebaan 1,0,0,0,0,1,0,0,0,0
2019-06-25,watermolen,0,0,0,0,1,0,0,0,0
2019-06-26,bospoel,0,0,0,0,1,0,0,0,0
2019-06-26,driehoek,0,0,0,0,1,0,0,0,0
2019-06-26,natuurpuntpoel,0,0,0,0,1,0,0,0,0
2019-06-26,rechthoekigevijver 1,0,0,0,0,1,0,0,0,0
2019-06-26,rechthoekigevijver 2,0,0,0,0,1,0,0,0,0
2019-06-27,arendonk 2,16,16,16,16,4,4,4,4,4
2019-06-27,nijlen b10,292,292,470,470,8,36.5,36.5,58.75,58.75
2019-06-27,nijlen b9,1,1,2,2,2,0.5,0.5,1,1
2019-06-28,nijlen b2,0,0,0,0,12,0,0,0,0
2019-07-02,arendonk 2,39,39,39,39,5,7.8,7.8,7.8,7.8
2019-07-02,mol 1,0,0,0,0,1,0,0,0,0
2019-07-02,mol 14,0,0,0,0,1,0,0,0,0
2019-07-02,mol 3 & 5,0,0,0,0,1,0,0,0,0
2019-07-02,mol 42,0,0,0,0,1,0,0,0,0
2019-07-02,mol 43,0,0,0,0,2,0,0,0,0
2019-07-09,arendonk 2,23,23,23,23,5,4.6,4.6,4.6,4.6
2019-07-09,kasterlee 1,0,0,0,0,1,0,0,0,0
2019-07-09,kasterlee 14,0,0,0,0,1,0,0,0,0
2019-07-09,kasterlee 2,0,0,0,0,1,0,0,0,0
2019-07-09,kasterlee 3,0,0,0,0,1,0,0,0,0
2019-07-09,retiebaan 2,0,0,0,0,1,0,0,0,0
2019-07-17,scheps 10,0,0,1,1,1,0,0,1,1
2019-07-17,scheps 11,0,0,0,0,1,0,0,0,0
2019-07-17,scheps 6,186,186,187,187,5,37.2,37.2,37.4,37.4
2019-07-17,scheps 7,319,319,331,331,4,79.75,79.75,82.75,82.75
2019-07-17,scheps 8,0,0,0,0,1,0,0,0,0
2019-07-17,scheps 9,0,0,0,0,1,0,0,0,0
2019-07-18,scheps 6,76,76,77,77,5,15.2,15.2,15.4,15.4
2019-07-18,scheps 7,85,85,87,87,4,21.25,21.25,21.75,21.75
2019-07-19,nijlen b1,0,0,0,0,2,0,0,0,0
2019-07-19,scheps 20,65,65,100,100,4,16.25,16.25,25,25
2019-07-19,scheps 6,91,91,92,92,5,18.2,18.2,18.4,18.4
2019-07-19,scheps 7,31,31,34,34,4,7.75,7.75,8.5,8.5
2019-07-20,nijlen d3,0,0,0,0,5,0,0,0,0
2019-07-31,bospoel,0,0,0,0,1,0,0,0,0
2019-07-31,driehoek,0,0,0,0,1,0,0,0,0
2019-07-31,moerbeemdweg,3,3,1372,1372,11,0.2727272727272727,0.2727272727272727,124.72727272727273,124.72727272727273
2019-07-31,natuurpuntpoel,0,0,0,0,1,0,0,0,0
2019-07-31,rechthoekigevijver 1,0,0,0,0,1,0,0,0,0
2019-07-31,rechthoekigevijver 2,0,0,0,0,1,0,0,0,0
2019-08-07,arendonk 2,1,1,1,1,5,0.2,0.2,0.2,0.2
2019-08-07,arendonk 2b,0,0,0,0,1,0,0,0,0
2019-08-07,arendonk 3,0,0,0,0,1,0,0,0,0
2019-08-07,arendonk 4,0,0,0,0,1,0,0,0,0
2019-08-21,scheps 10,0,0,3,3,1,0,0,3,3
2019-08-21,scheps 11,0,0,0,0,1,0,0,0,0
2019-08-21,scheps 20,15,15,46,46,5,3,3,9.2,9.2
2019-08-21,scheps 6,26,26,33,33,2,13,13,16.5,16.5
2019-08-21,scheps 7,24,24,25,25,2,12,12,12.5,12.5
2019-08-21,scheps 9,0,0,0,0,1,0,0,0,0
2019-08-22,kasterlee 1,0,0,0,0,1,0,0,0,0
2019-08-22,kasterlee 12,0,0,0,0,1,0,0,0,0
2019-08-22,kasterlee 13,0,0,0,0,1,0,0,0,0
2019-08-22,kasterlee 14,0,0,0,0,1,0,0,0,0
2019-08-22,kasterlee 2,0,0,0,0,1,0,0,0,0
2019-08-22,kasterlee 3,0,0,0,0,1,0,0,0,0
2019-08-22,retiebaan 2,0,0,0,0,1,0,0,0,0
2019-08-22,scheps 20,16,16,41,41,5,3.2,3.2,8.2,8.2
2019-08-22,scheps 6,0,0,2,2,2,0,0,1,1
2019-08-22,scheps 7,22,22,23,23,2,11,11,11.5,11.5
2019-08-23,scheps 20,11,11,54,54,9,1.2222222222222223,1.2222222222222223,6,6
2019-08-23,scheps 6,10,10,20,20,2,5,5,10,10
2019-08-23,scheps 7,3,3,9,9,2,1.5,1.5,4.5,4.5
2019-08-24,scheps 20,12,12,50,50,9,1.3333333333333333,1.3333333333333333,5.555555555555555,5.555555555555555
2019-08-27,arendonk 2,0,0,0,0,2,0,0,0,0
2019-08-27,arendonk 2b,0,0,0,0,1,0,0,0,0
2019-08-27,arendonk 4,0,0,0,0,2,0,0,0,0
2019-08-28,nijlen b10,75,75,112,112,3,25,25,37.333333333333336,37.333333333333336
2019-08-29,nijlen b10,67,67,212,212,7,9.571428571428571,9.571428571428571,30.285714285714285,30.285714285714285
2019-08-29,nijlen b3b,0,0,1,1,2,0,0,0.5,0.5
2019-08-29,nijlen b4,0,0,0,0,3,0,0,0,0
2019-08-30,nijlen b10,72,72,213,213,7,10.285714285714286,10.285714285714286,30.428571428571427,30.428571428571427
2019-08-30,nijlen b6,0,0,0,0,3,0,0,0,0
2019-08-30,nijlen b7,0,0,0,0,2,0,0,0,0
2019-09-13,nijlen d3,0,0,0,0,6,0,0,0,0
2019-09-13,nijlen d5,20,20,20,20,6,3.3333333333333335,3.3333333333333335,3.3333333333333335,3.3333333333333335
2019-09-17,arendonk 2,0,0,0,0,4,0,0,0,0
2019-09-17,arendonk 3,0,0,0,0,4,0,0,0,0
2019-09-18,scheps 10,0,0,1,1,1,0,0,1,1
2019-09-18,scheps 20,10,10,39,39,5,2,2,7.8,7.8
2019-09-18,scheps 6,0,0,1,1,3,0,0,0.3333333333333333,0.3333333333333333
2019-09-19,scheps 2,416,416,978,978,4,104,104,244.5,244.5
2019-09-19,scheps 20,7,7,33,33,5,1.4,1.4,6.6,6.6
2019-09-19,scheps 6,0,0,0,0,3,0,0,0,0
2019-09-19,scheps 7,0,0,0,0,1,0,0,0,0
2019-09-20,scheps 20,6,6,142,142,5,1.2,1.2,28.4,28.4
2019-09-20,scheps 6,0,0,0,0,3,0,0,0,0
2019-09-20,scheps 7,0,0,0,0,1,0,0,0,0
2019-09-24,kasterlee 1,0,0,0,0,1,0,0,0,0
2019-09-24,kasterlee 12,0,0,0,0,1,0,0,0,0
2019-09-24,kasterlee 13,0,0,0,0,1,0,0,0,0
2019-09-24,kasterlee 14,0,0,0,0,1,0,0,0,0
2019-09-24,kasterlee 2,0,0,0,0,1,0,0,0,0
2019-09-24,kasterlee 3,0,0,0,0,1,0,0,0,0
2019-09-24,retiebaan 1,0,0,0,0,1,0,0,0,0
2019-09-24,retiebaan 2,0,0,0,0,1,0,0,0,0
2019-09-26,nijlen b10,2,2,600,600,6,0.3333333333333333,0.3333333333333333,100,100
2019-09-27,nijlen b10,4,4,325,325,6,0.6666666666666666,0.6666666666666666,54.166666666666664,54.166666666666664
2019-09-27,nijlen b11,26,26,27,27,2,13,13,13.5,13.5
2019-09-27,nijlen b13,0,0,0,0,3,0,0,0,0
2019-10-16,scheps 10,0,0,0,0,1,0,0,0,0
2019-10-16,scheps 20,4,4,23,23,7,0.5714285714285714,0.5714285714285714,3.2857142857142856,3.2857142857142856
2019-10-16,scheps 6,0,0,9,9,3,0,0,3,3
2019-10-16,scheps 7,0,0,0,0,1,0,0,0,0
2019-10-16,scheps 8,0,0,0,0,1,0,0,0,0
2019-10-17,scheps 10,0,0,0,0,1,0,0,0,0
2019-10-17,scheps 20,4,4,28,28,7,0.5714285714285714,0.5714285714285714,4,4
2019-10-17,scheps 6,3,3,7,7,3,1,1,2.3333333333333335,2.3333333333333335
2019-10-17,scheps 7,0,0,0,0,1,0,0,0,0
2019-10-17,scheps 8,0,0,0,0,1,0,0,0,0
2019-10-18,scheps 10,0,0,0,0,1,0,0,0,0
2019-10-18,scheps 20,4,4,26,26,7,0.5714285714285714,0.5714285714285714,3.7142857142857144,3.7142857142857144
2019-10-18,scheps 6,16,16,48,48,3,5.333333333333333,5.333333333333333,16,16
2019-10-18,scheps 7,0,0,0,0,1,0,0,0,0
2019-10-18,scheps 8,0,0,0,0,1,0,0,0,0
2019-10-25,bospoel,0,0,0,0,1,0,0,0,0
2019-10-25,driehoek,0,0,0,0,1,0,0,0,0
2019-10-25,natuurpuntpoel,0,0,0,0,1,0,0,0,0
2019-10-25,rechthoekigevijver 1,0,0,0,0,1,0,0,0,0
2019-10-25,rechthoekigevijver 2,0,0,0,0,1,0,0,0,0
2019-10-29,nijlen b10,1,1,47,47,6,0.16666666666666666,0.16666666666666666,7.833333333333333,7.833333333333333
2019-10-31,nijlen d5,0,0,0,0,11,0,0,0,0
2019-11-29,nijlen b11,0,0,22,22,2,0,0,11,11
2020-04-23,arendonk 1,0,0,0,0,2,0,0,0,0
2020-04-24,arendonk 2,0,0,0,0,6,0,0,0,0
2020-04-24,arendonk 3,0,0,0,0,2,0,0,0,0
2020-04-28,arendonk-visput,0,0,0,0,3,0,0,0,0
2020-04-28,arendonk 4,0,0,0,0,1,0,0,0,0
2020-04-28,griesbroek 3,79,79,80,80,1,79,79,80,80
2020-04-28,griesbroek 4,112,112,112,112,2,56,56,56,56
2020-04-28,griesbroek 5,43,43,43,43,2,21.5,21.5,21.5,21.5
2020-04-28,griesbroek 7,12,12,12,12,2,6,6,6,6
2020-04-29,griesbroek 3,39,39,40,40,1,39,39,40,40
2020-04-29,griesbroek 4,8,8,13,13,2,4,4,6.5,6.5
2020-04-29,griesbroek 5,7,7,8,8,2,3.5,3.5,4,4
2020-04-29,griesbroek 7,4,4,6,6,2,2,2,3,3
2020-04-30,griesbroek 3,51,51,53,53,2,25.5,25.5,26.5,26.5
2020-04-30,griesbroek 4,5,5,5,5,2,2.5,2.5,2.5,2.5
2020-04-30,griesbroek 5,32,32,32,32,2,16,16,16,16
2020-04-30,griesbroek 7,8,8,8,8,4,2,2,2,2
2020-05-06,griesbroek 3,146,146,147,147,2,73,73,73.5,73.5
2020-05-06,griesbroek 4,149,149,149,149,2,74.5,74.5,74.5,74.5
2020-05-06,griesbroek 5,146,146,146,146,3,48.666666666666664,48.666666666666664,48.666666666666664,48.666666666666664
2020-05-06,griesbroek 7,1,1,1,1,3,0.3333333333333333,0.3333333333333333,0.3333333333333333,0.3333333333333333
2020-05-06,nijlen b10,10,10,78,78,3,3.3333333333333335,3.3333333333333335,26,26
2020-05-06,nijlen b12,0,0,0,0,1,0,0,0,0
2020-05-06,nijlen b13,0,0,0,0,1,0,0,0,0
2020-05-06,nijlen b6,0,0,0,0,1,0,0,0,0
2020-05-06,nijlen b7,0,0,0,0,1,0,0,0,0
2020-05-06,nijlen b9,0,0,0,0,1,0,0,0,0
2020-05-07,griesbroek 3,41,41,42,42,2,20.5,20.5,21,21
2020-05-07,griesbroek 4,52,52,53,53,2,26,26,26.5,26.5
2020-05-07,griesbroek 5,241,241,243,243,3,80.33333333333333,80.33333333333333,81,81
2020-05-07,griesbroek 6,487,487,492,492,3,162.33333333333334,162.33333333333334,164,164
2020-05-07,griesbroek 7,14,14,14,14,3,4.666666666666667,4.666666666666667,4.666666666666667,4.666666666666667
2020-05-08,griesbroek 3,20,20,21,21,2,10,10,10.5,10.5
2020-05-08,griesbroek 4,27,27,27,27,2,13.5,13.5,13.5,13.5
2020-05-08,griesbroek 5,77,77,78,78,3,25.666666666666668,25.666666666666668,26,26
2020-05-08,griesbroek 6,210,210,213,213,3,70,70,71,71
2020-05-08,griesbroek 7,20,20,22,22,3,6.666666666666667,6.666666666666667,7.333333333333333,7.333333333333333
2020-05-09,griesbroek 3,32,32,34,34,2,16,16,17,17
2020-05-09,griesbroek 5,70,70,72,72,3,23.333333333333332,23.333333333333332,24,24
2020-05-09,griesbroek 6,345,345,350,350,2,172.5,172.5,175,175
2020-05-09,griesbroek 7,13,13,14,14,3,4.333333333333333,4.333333333333333,4.666666666666667,4.666666666666667
2020-05-12,kasterlee 1,0,0,0,0,1,0,0,0,0
2020-05-12,kasterlee 12,0,0,0,0,1,0,0,0,0
2020-05-12,kasterlee 13,0,0,0,0,1,0,0,0,0
2020-05-12,kasterlee 14,0,0,0,0,1,0,0,0,0
2020-05-12,kasterlee 2,0,0,0,0,1,0,0,0,0
2020-05-12,kasterlee 3,0,0,0,0,1,0,0,0,0
2020-05-12,kasterlee 7,0,0,0,0,1,0,0,0,0
2020-05-12,retiebaan 1,0,0,0,0,1,0,0,0,0
2020-05-12,retiebaan 2,0,0,0,0,1,0,0,0,0
2020-05-13,griesbroek 3,79,79,79,79,2,39.5,39.5,39.5,39.5
2020-05-13,griesbroek 4,1,1,1,1,1,1,1,1,1
2020-05-13,griesbroek 6,575,575,580,580,5,115,115,116,116
2020-05-13,griesbroek 7,96,96,98,98,3,32,32,32.666666666666664,32.666666666666664
2020-05-13,nijlen b10,14,14,140,140,4,3.5,3.5,35,35
2020-05-13,nijlen b11,110,110,110,110,1,110,110,110,110
2020-05-14,nijlen b10,2,2,126,126,4,0.5,0.5,31.5,31.5
2020-05-14,nijlen b11,240,240,240,240,3,80,80,80,80
2020-05-14,nijlen b9,0,0,0,0,1,0,0,0,0
2020-05-15,griesbroek 3,119,119,119,119,2,59.5,59.5,59.5,59.5
2020-05-15,griesbroek 4,14,14,14,14,1,14,14,14,14
2020-05-15,griesbroek 6,1554,1554,1557,1557,5,310.8,310.8,311.4,311.4
2020-05-15,griesbroek 7,94,94,94,94,3,31.333333333333332,31.333333333333332,31.333333333333332,31.333333333333332
2020-05-16,griesbroek 6,237,237,241,241,5,47.4,47.4,48.2,48.2
2020-05-16,griesbroek 7,104,104,106,106,3,34.666666666666664,34.666666666666664,35.333333333333336,35.333333333333336
2020-05-21,griesbroek 6,1494,1494,1542,1542,3,498,498,514,514
2020-05-21,scheps 20,134,134,137,137,4,33.5,33.5,34.25,34.25
2020-05-22,griesbroek 6,1338,1338,1392,1392,4,334.5,334.5,348,348
2020-05-22,scheps 20,119,119,122,122,4,29.75,29.75,30.5,30.5
2020-05-23,griesbroek 6,1269,1269,1314,1314,5,253.8,253.8,262.8,262.8
2020-05-23,scheps 20,107,107,109,109,4,26.75,26.75,27.25,27.25
2020-05-27,nijlen d2,0,0,0,0,1,0,0,0,0
2020-05-28,arendonk-visput,0,0,0,0,2,0,0,0,0
2020-05-28,arendonk 1,0,0,0,0,2,0,0,0,0
2020-05-28,arendonk 4,0,0,0,0,2,0,0,0,0
2020-05-28,nijlen d1,0,0,0,0,4,0,0,0,0
2020-05-28,nijlen d2,0,0,0,0,1,0,0,0,0
2020-05-28,nijlen d3,0,0,0,0,3,0,0,0,0
2020-05-29,nijlen b10,138,138,158,158,4,34.5,34.5,39.5,39.5
2020-06-05,nijlen b10,23,23,41,41,4,5.75,5.75,10.25,10.25
2020-06-05,nijlen b11,768,768,768,768,3,256,256,256,256
2020-06-05,nijlen b12,0,0,0,0,1,0,0,0,0
2020-06-10,nijlen b11,222,222,222,222,4,55.5,55.5,55.5,55.5
2020-06-10,nijlen b3b,0,0,1,1,2,0,0,0.5,0.5
2020-06-10,nijlen b5,0,0,0,0,2,0,0,0,0
2020-06-10,nijlen b6,0,0,0,0,2,0,0,0,0
2020-06-10,nijlen b7,0,0,0,0,2,0,0,0,0
2020-06-16,kasterlee 1,0,0,0,0,1,0,0,0,0
2020-06-16,kasterlee 12,0,0,0,0,1,0,0,0,0
2020-06-16,kasterlee 13,0,0,0,0,2,0,0,0,0
2020-06-16,kasterlee 2,0,0,0,0,2,0,0,0,0
2020-06-16,kasterlee 3,0,0,0,0,2,0,0,0,0
2020-06-16,kasterlee 7,0,0,0,0,1,0,0,0,0
2020-06-18,kasterlee 14,0,0,0,0,2,0,0,0,0
2020-06-18,kasterlee 9,0,0,0,0,2,0,0,0,0
2020-06-18,retiebaan 1,0,0,0,0,2,0,0,0,0
2020-06-18,retiebaan 2,0,0,0,0,2,0,0,0,0
2020-06-18,retiebaan 3,0,0,0,0,1,0,0,0,0
2020-06-23,arendonk-visput,0,0,0,0,2,0,0,0,0
2020-06-23,arendonk 1,0,0,0,0,2,0,0,0,0
2020-06-23,arendonk 2,0,0,0,0,2,0,0,0,0
2020-06-23,arendonk 2b,0,0,0,0,1,0,0,0,0
2020-06-23,arendonk 3,0,0,1,1,2,0,0,0.5,0.5
2020-06-23,arendonk 4,0,0,4,4,1,0,0,4,4
2020-06-24,nijlen g8,0,0,0,0,4,0,0,0,0
2020-06-24,nijlen l10,0,0,0,0,4,0,0,0,0
2020-06-25,nijlen g8,0,0,0,0,4,0,0,0,0
2020-06-25,nijlen l10,0,0,0,0,4,0,0,0,0
2020-06-25,nijlen l3,0,0,0,0,4,0,0,0,0
2020-06-25,thielen,0,0,0,0,1,0,0,0,0
2020-06-25,watermolen,0,0,0,0,1,0,0,0,0
2020-06-26,nijlen g8,0,0,0,0,4,0,0,0,0
2020-06-26,nijlen l10,0,0,0,0,4,0,0,0,0
2020-06-26,nijlen l3,0,0,0,0,4,0,0,0,0
2020-06-27,nijlen g8,0,0,0,0,4,0,0,0,0
2020-06-27,nijlen l3,0,0,0,0,4,0,0,0,0
2020-07-01,laakdal 3,0,0,9,9,5,0,0,1.8,1.8
2020-07-01,laakdal 9,0,0,54,54,4,0,0,13.5,13.5
2020-07-02,laakdal 10,0,0,4,4,2,0,0,2,2
2020-07-02,laakdal 3,0,0,6,6,5,0,0,1.2,1.2
2020-07-02,laakdal 9,0,0,26,26,4,0,0,6.5,6.5
2020-07-03,laakdal 10,0,0,9,9,2,0,0,4.5,4.5
2020-07-03,laakdal 3,0,0,7,7,5,0,0,1.4,1.4
2020-07-03,laakdal 9,0,0,13,13,4,0,0,3.25,3.25
2020-07-03,nijlen g2,0,0,0,0,12,0,0,0,0
2020-07-04,nijlen g2,0,0,0,0,12,0,0,0,0
2020-07-07,kasterlee 1,0,0,0,0,1,0,0,0,0
2020-07-07,kasterlee 12,0,0,0,0,2,0,0,0,0
2020-07-07,kasterlee 13,0,0,0,0,2,0,0,0,0
2020-07-07,kasterlee 3,0,0,0,0,2,0,0,0,0
2020-07-07,kasterlee 7,0,0,0,0,1,0,0,0,0
2020-07-07,laakdal 29a,0,0,0,0,1,0,0,0,0
2020-07-07,laakdal 29b,0,0,1,1,1,0,0,1,1
2020-07-07,laakdal 30,0,0,0,0,1,0,0,0,0
2020-07-07,laakdal 30a,0,0,0,0,1,0,0,0,0
2020-07-07,laakdal 30b,0,0,2,2,3,0,0,0.6666666666666666,0.6666666666666666
2020-07-07,laakdal 30c,0,0,0,0,2,0,0,0,0
2020-07-08,laakdal 29a,0,0,0,0,1,0,0,0,0
2020-07-08,laakdal 29b,0,0,0,0,1,0,0,0,0
2020-07-08,laakdal 30,0,0,1,1,1,0,0,1,1
2020-07-08,laakdal 30a,0,0,0,0,1,0,0,0,0
2020-07-08,laakdal 30b,0,0,4,4,3,0,0,1.3333333333333333,1.3333333333333333
2020-07-08,laakdal 30c,0,0,2,2,2,0,0,1,1
2020-07-09,kasterlee 14,0,0,0,0,2,0,0,0,0
2020-07-09,kasterlee 2,0,0,0,0,2,0,0,0,0
2020-07-09,kasterlee 3,0,0,0,0,2,0,0,0,0
2020-07-09,laakdal 10,0,0,6,6,2,0,0,3,3
2020-07-09,laakdal 3,0,0,6,6,4,0,0,1.5,1.5
2020-07-09,laakdal 30,0,0,0,0,1,0,0,0,0
2020-07-09,laakdal 9,0,0,20,20,4,0,0,5,5
2020-07-09,retiebaan 1,0,0,0,0,2,0,0,0,0
2020-07-09,retiebaan 2,0,0,0,0,2,0,0,0,0
2020-07-10,laakdal 10,0,0,6,6,2,0,0,3,3
2020-07-10,laakdal 3,0,0,12,12,4,0,0,3,3
2020-07-10,laakdal 30,0,0,1,1,1,0,0,1,1
2020-07-10,laakdal 9,0,0,22,22,4,0,0,5.5,5.5
2020-07-14,arendonk-visput,0,0,0,0,2,0,0,0,0
2020-07-14,arendonk 1,0,0,0,0,2,0,0,0,0
2020-07-14,arendonk 2,0,0,0,0,2,0,0,0,0
2020-07-14,arendonk 2b,0,0,0,0,1,0,0,0,0
2020-07-14,arendonk 3,0,0,0,0,2,0,0,0,0
2020-07-14,arendonk 4,0,0,0,0,1,0,0,0,0
2020-07-14,bospoel,0,0,0,0,1,0,0,0,0
2020-07-14,driehoek,0,0,0,0,1,0,0,0,0
2020-07-14,laakdal 2,0,0,0,0,4,0,0,0,0
2020-07-14,laakdal 31,0,0,0,0,2,0,0,0,0
2020-07-14,laakdal 6,0,0,4,4,1,0,0,4,4
2020-07-14,laakdal 8,0,0,0,0,2,0,0,0,0
2020-07-14,natuurpuntpoel,0,0,0,0,1,0,0,0,0
2020-07-14,rechthoekigevijver 1,0,0,0,0,1,0,0,0,0
2020-07-14,rechthoekigevijver 2,0,0,0,0,1,0,0,0,0
2020-07-15,laakdal 2,0,0,0,0,4,0,0,0,0
2020-07-15,laakdal 31,0,0,0,0,2,0,0,0,0
2020-07-15,laakdal 6,4,4,6,6,1,4,4,6,6
2020-07-15,laakdal 8,0,0,0,0,2,0,0,0,0
2020-07-16,laakdal 2,0,0,2,2,4,0,0,0.5,0.5
2020-07-16,laakdal 31,0,0,0,0,2,0,0,0,0
2020-07-16,laakdal 6,0,0,3,3,1,0,0,3,3
2020-07-16,laakdal 8,0,0,0,0,2,0,0,0,0
2020-07-17,laakdal 2,0,0,0,0,4,0,0,0,0
2020-07-17,laakdal 31,0,0,0,0,2,0,0,0,0
2020-07-17,laakdal 6,0,0,5,5,1,0,0,5,5
2020-07-17,laakdal 8,0,0,0,0,2,0,0,0,0
2020-07-23,griesbroek 5,4292,4292,4732,4732,3,1430.6666666666667,1430.6666666666667,1577.3333333333333,1577.3333333333333
2020-07-28,laakdal 26,0,0,0,0,1,0,0,0,0
2020-07-28,scheps 14,0,0,0,0,1,0,0,0,0
2020-07-29,laakdal 26,0,0,1,1,1,0,0,1,1
2020-07-29,nijlen l9,0,0,0,0,8,0,0,0,0
2020-07-29,scheps 1,0,0,2,2,1,0,0,2,2
2020-07-29,scheps 14,0,0,0,0,1,0,0,0,0
2020-07-29,scheps 3,0,0,1,1,4,0,0,0.25,0.25
2020-07-30,laakdal 26,0,0,0,0,1,0,0,0,0
2020-07-30,nijlen l9,0,0,0,0,8,0,0,0,0
2020-07-30,scheps 1,0,0,0,0,1,0,0,0,0
2020-07-30,scheps 14,0,0,0,0,1,0,0,0,0
2020-07-30,scheps 3,0,0,0,0,4,0,0,0,0
2020-07-31,laakdal 26,0,0,1,1,1,0,0,1,1
2020-07-31,nijlen l9,0,0,0,0,8,0,0,0,0
2020-07-31,scheps 1,0,0,0,0,1,0,0,0,0
2020-07-31,scheps 14,0,0,0,0,1,0,0,0,0
2020-07-31,scheps 3,0,0,0,0,4,0,0,0,0
2020-08-01,nijlen l9,0,0,0,0,8,0,0,0,0
2020-08-04,scheps 14,0,0,0,0,2,0,0,0,0
2020-08-04,scheps 18,0,0,0,0,3,0,0,0,0
2020-08-04,scheps 19b,0,0,3,3,3,0,0,1,1
2020-08-05,scheps 12,0,0,1,1,2,0,0,0.5,0.5
2020-08-05,scheps 18,0,0,0,0,3,0,0,0,0
2020-08-05,scheps 19b,0,0,4,4,3,0,0,1.3333333333333333,1.3333333333333333
2020-08-06,scheps 12,0,0,1,1,2,0,0,0.5,0.5
2020-08-06,scheps 18,0,0,0,0,3,0,0,0,0
2020-08-06,scheps 19b,0,0,2,2,3,0,0,0.6666666666666666,0.6666666666666666
2020-08-07,scheps 12,0,0,1,1,2,0,0,0.5,0.5
2020-08-07,scheps 18,0,0,0,0,3,0,0,0,0
2020-08-07,scheps 19b,0,0,1,1,3,0,0,0.3333333333333333,0.3333333333333333
2020-08-11,kasterlee 1,0,0,0,0,1,0,0,0,0
2020-08-11,kasterlee 12,0,0,0,0,1,0,0,0,0
2020-08-11,kasterlee 13,0,0,0,0,1,0,0,0,0
2020-08-11,kasterlee 14,0,0,0,0,2,0,0,0,0
2020-08-11,kasterlee 2,0,0,0,0,2,0,0,0,0
2020-08-11,kasterlee 3,0,0,0,0,2,0,0,0,0
2020-08-11,scheps 10,2,2,5,5,2,1,1,2.5,2.5
2020-08-11,scheps 2,780,780,784,784,4,195,195,196,196
2020-08-11,scheps 25,0,0,0,0,3,0,0,0,0
2020-08-12,scheps 10,0,0,2,2,2,0,0,1,1
2020-08-12,scheps 2,549,549,564,564,4,137.25,137.25,141,141
2020-08-12,scheps 25,0,0,0,0,3,0,0,0,0
2020-08-13,retiebaan 1,0,0,0,0,1,0,0,0,0
2020-08-13,retiebaan 2,0,0,0,0,2,0,0,0,0
2020-08-13,retiebaan 3,0,0,0,0,1,0,0,0,0
2020-08-13,scheps 10,0,0,0,0,2,0,0,0,0
2020-08-13,scheps 25,686,686,720,720,4,171.5,171.5,180,180
2020-08-13,watermolen,0,0,0,0,1,0,0,0,0
2020-08-14,scheps 10,0,0,1,1,2,0,0,0.5,0.5
2020-08-14,scheps 2,330,330,367,367,4,82.5,82.5,91.75,91.75
2020-08-14,scheps 25,0,0,0,0,3,0,0,0,0
2020-08-15,scheps 2,287,287,398,398,4,71.75,71.75,99.5,99.5
2020-08-15,scheps 20,1383,1383,1395,1395,4,345.75,345.75,348.75,348.75
2020-08-15,scheps 3,0,0,0,0,4,0,0,0,0
2020-08-16,scheps 2,469,469,521,521,4,117.25,117.25,130.25,130.25
2020-08-16,scheps 20,1690,1690,1825,1825,4,422.5,422.5,456.25,456.25
2020-08-19,nijlen b10,113,113,138,138,2,56.5,56.5,69,69
2020-08-19,nijlen b11,32,32,35,35,2,16,16,17.5,17.5
2020-08-19,nijlen b12,0,0,0,0,2,0,0,0,0
2020-08-19,nijlen b13,0,0,1,1,2,0,0,0.5,0.5
2020-08-19,nijlen b6,0,0,0,0,2,0,0,0,0
2020-08-19,nijlen b7,0,0,1,1,1,0,0,1,1
2020-08-19,nijlen b9,1,1,1,1,1,1,1,1,1
2020-08-19,scheps 20,3325,3325,3336,3336,4,831.25,831.25,834,834
2020-08-20,nijlen b1,0,0,0,0,1,0,0,0,0
2020-08-20,nijlen b2,0,0,0,0,6,0,0,0,0
2020-08-20,nijlen b3b,0,0,0,0,1,0,0,0,0
2020-08-20,nijlen b4,0,0,1,1,2,0,0,0.5,0.5
2020-08-20,nijlen b5,0,0,1,1,2,0,0,0.5,0.5
2020-08-20,scheps 20,1164,1164,1179,1179,4,291,291,294.75,294.75
2020-08-21,nijlen d3,0,0,0,0,4,0,0,0,0
2020-08-21,nijlen d5,0,0,0,0,8,0,0,0,0
2020-08-26,griesbroek 6,1154,1154,1268,1268,3,384.6666666666667,384.6666666666667,422.6666666666667,422.6666666666667
2020-08-26,scheps 20,3115,3115,3153,3153,6,519.1666666666666,519.1666666666666,525.5,525.5
2020-08-26,scheps 9,10,10,12,12,2,5,5,6,6
2020-08-27,griesbroek 6,1079,1079,1190,1190,3,359.6666666666667,359.6666666666667,396.6666666666667,396.6666666666667
2020-08-27,scheps 20,1702,1702,1856,1856,6,283.6666666666667,283.6666666666667,309.3333333333333,309.3333333333333
2020-08-27,scheps 9,142,142,176,176,2,71,71,88,88
2020-09-08,arendonk-visput,0,0,0,0,2,0,0,0,0
2020-09-08,arendonk 1,0,0,0,0,2,0,0,0,0
2020-09-08,arendonk 2,547,547,568,568,2,273.5,273.5,284,284
2020-09-08,arendonk 3,0,0,0,0,2,0,0,0,0
2020-09-08,arendonk 4,0,0,0,0,2,0,0,0,0
2020-09-09,arendonk 2,200,200,414,414,2,100,100,207,207
2020-09-10,kasterlee 12,0,0,0,0,1,0,0,0,0
2020-09-10,kasterlee 13,0,0,0,0,1,0,0,0,0
2020-09-10,kasterlee 14,0,0,0,0,2,0,0,0,0
2020-09-10,retiebaan 1,0,0,0,0,2,0,0,0,0
2020-09-10,retiebaan 2,0,0,0,0,1,0,0,0,0
2020-09-10,retiebaan 3,0,0,0,0,1,0,0,0,0
2020-09-14,kasterlee 1,0,0,0,0,2,0,0,0,0
2020-09-14,kasterlee 2,0,0,0,0,2,0,0,0,0
2020-09-14,kasterlee 3,0,0,0,0,2,0,0,0,0
2020-09-14,kasterlee 7,0,0,0,0,2,0,0,0,0
2020-09-23,arendonk 2,1051,1051,1097,1097,10,105.1,105.1,109.7,109.7
2020-09-23,nijlen h1,0,0,0,0,10,0,0,0,0
2020-09-24,arendonk 2,1018,1018,1042,1042,10,101.8,101.8,104.2,104.2
2020-09-24,nijlen h1,0,0,0,0,10,0,0,0,0
2020-09-25,arendonk 2,814,814,832,832,10,81.4,81.4,83.2,83.2
2020-09-25,nijlen h1,0,0,0,0,10,0,0,0,0
2020-09-26,nijlen h1,0,0,0,0,10,0,0,0,0
2020-10-28,nijlen b10,4,4,11,11,6,0.6666666666666666,0.6666666666666666,1.8333333333333333,1.8333333333333333
2020-10-28,nijlen b11,0,0,0,0,6,0,0,0,0
2020-10-29,nijlen b10,3,3,15,15,6,0.5,0.5,2.5,2.5
2020-10-29,nijlen b11,0,0,2,2,6,0,0,0.3333333333333333,0.3333333333333333
2021-05-04,griesbroek 6,2940,2940,3074,3074,8,367.5,367.5,384.25,384.25
2021-05-05,griesbroek 6,828,828,876,876,8,103.5,103.5,109.5,109.5
2021-05-06,griesbroek 6,2148,2148,2226,2226,8,268.5,268.5,278.25,278.25
2021-05-07,griesbroek 6,2126,2126,2190,2190,8,265.75,265.75,273.75,273.75
2021-05-11,arendonk 2,5412,5412,5416,5416,10,541.2,541.2,541.6,541.6
2021-05-11,griesbroek 6,3244,3244,3530,3530,8,405.5,405.5,441.25,441.25
2021-05-11,nijlen b4,0,0,0,0,3,0,0,0,0
2021-05-11,nijlen b5,0,0,0,0,3,0,0,0,0
2021-05-12,arendonk 2,4008,4008,4032,4032,10,400.8,400.8,403.2,403.2
2021-05-12,griesbroek 6,2574,2574,2816,2816,8,321.75,321.75,352,352
2021-05-12,nijlen b4,0,0,0,0,3,0,0,0,0
2021-05-12,nijlen b5,0,0,0,0,3,0,0,0,0
2021-05-13,arendonk 2,465,465,466,466,10,46.5,46.5,46.6,46.6
2021-05-13,griesbroek 6,1670,1670,1826,1826,8,208.75,208.75,228.25,228.25
2021-05-13,nijlen b4,4,4,4,4,3,1.3333333333333333,1.3333333333333333,1.3333333333333333,1.3333333333333333
2021-05-13,nijlen b5,0,0,0,0,3,0,0,0,0
2021-05-14,arendonk 2,184,184,184,184,10,18.4,18.4,18.4,18.4
2021-05-14,griesbroek 6,1338,1338,1488,1488,8,167.25,167.25,186,186
2021-05-14,nijlen b4,0,0,0,0,3,0,0,0,0
2021-05-14,nijlen b5,0,0,2,2,3,0,0,0.6666666666666666,0.6666666666666666
2021-05-18,arendonk 2,51,51,51,51,10,5.1,5.1,5.1,5.1
2021-05-18,griesbroek 6,634,634,706,706,8,79.25,79.25,88.25,88.25
2021-05-18,nijlen b4,0,0,0,0,3,0,0,0,0
2021-05-18,nijlen b5,0,0,0,0,3,0,0,0,0
2021-05-19,arendonk 2,73,73,73,73,10,7.3,7.3,7.3,7.3
2021-05-19,griesbroek 6,2920,2920,3056,3056,8,365,365,382,382
2021-05-19,nijlen b4,0,0,0,0,3,0,0,0,0
2021-05-19,nijlen b5,0,0,0,0,3,0,0,0,0
2021-05-20,arendonk 2,33,33,33,33,10,3.3,3.3,3.3,3.3
2021-05-20,griesbroek 6,2156,2156,2276,2276,8,269.5,269.5,284.5,284.5
2021-05-20,nijlen b4,0,0,0,0,3,0,0,0,0
2021-05-20,nijlen b5,0,0,0,0,3,0,0,0,0
2021-05-21,arendonk 2,73,73,73,73,10,7.3,7.3,7.3,7.3
2021-05-21,griesbroek 6,1696,1696,1788,1788,8,212,212,223.5,223.5
2021-05-21,nijlen b4,0,0,0,0,3,0,0,0,0
2021-05-21,nijlen b5,0,0,0,0,3,0,0,0,0
2021-05-25,griesbroek 6,602,602,652,652,8,75.25,75.25,81.5,81.5
2021-05-26,arendonk 2,0,0,0,0,5,0,0,0,0
2021-05-26,arendonk 4,0,0,0,0,5,0,0,0,0
2021-05-26,griesbroek 6,224,224,248,248,8,28,28,31,31
2021-05-26,nijlen h1,0,0,0,0,8,0,0,0,0
2021-05-27,arendonk 3,0,0,1,1,5,0,0,0.2,0.2
2021-05-27,arendonk 4,0,0,0,0,5,0,0,0,0
2021-05-27,griesbroek 6,246,246,470,470,8,30.75,30.75,58.75,58.75
2021-05-27,nijlen h1,0,0,0,0,8,0,0,0,0
2021-05-28,arendonk 4,0,0,0,0,5,0,0,0,0
2021-05-28,griesbroek 6,176,176,188,188,8,22,22,23.5,23.5
2021-05-28,nijlen h1,0,0,0,0,8,0,0,0,0
2021-05-29,griesbroek 6,492,492,514,514,8,61.5,61.5,64.25,64.25
2021-05-29,nijlen h1,0,0,0,0,8,0,0,0,0
2021-05-30,griesbroek 6,210,210,224,224,8,26.25,26.25,28,28
2021-05-31,griesbroek 6,266,266,298,298,8,33.25,33.25,37.25,37.25
2021-06-01,griesbroek 6,164,164,178,178,8,20.5,20.5,22.25,22.25
2021-06-01,laakdal 41,5712,5712,6183,6183,12,476,476,515.25,515.25
2021-06-01,laakdal 6,0,0,8,8,10,0,0,0.8,0.8
2021-06-02,griesbroek 6,26,26,28,28,2,13,13,14,14
2021-06-02,griesbroek 7,10,10,15,15,8,1.25,1.25,1.875,1.875
2021-06-02,laakdal 41,2457,2457,3081,3081,12,204.75,204.75,256.75,256.75
2021-06-02,laakdal 6,0,0,8,8,10,0,0,0.8,0.8
2021-06-02,nijlen h1,0,0,0,0,8,0,0,0,0
2021-06-02,scheps 6,0,0,0,0,2,0,0,0,0
2021-06-02,scheps 7,416,416,438,438,4,104,104,109.5,109.5
2021-06-02,scheps 8,0,0,0,0,2,0,0,0,0
2021-06-02,scheps 9,30,30,30,30,2,15,15,15,15
2021-06-03,griesbroek 6,436,436,462,462,8,54.5,54.5,57.75,57.75
2021-06-03,laakdal 41,2190,2190,2628,2628,12,182.5,182.5,219,219
2021-06-03,laakdal 6,0,0,5,5,10,0,0,0.5,0.5
2021-06-03,nijlen h1,0,0,0,0,8,0,0,0,0
2021-06-03,scheps 6,3,3,3,3,2,1.5,1.5,1.5,1.5
2021-06-03,scheps 7,122,122,334,334,4,30.5,30.5,83.5,83.5
2021-06-03,scheps 8,0,0,0,0,2,0,0,0,0
2021-06-03,scheps 9,18,18,18,18,2,9,9,9,9
2021-06-04,griesbroek 6,254,254,272,272,8,31.75,31.75,34,34
2021-06-04,laakdal 41,1860,1860,2433,2433,9,206.66666666666666,206.66666666666666,270.3333333333333,270.3333333333333
2021-06-04,laakdal 6,0,0,12,12,10,0,0,1.2,1.2
2021-06-04,nijlen h1,0,0,0,0,8,0,0,0,0
2021-06-04,scheps 6,0,0,0,0,2,0,0,0,0
2021-06-04,scheps 7,238,238,256,256,4,59.5,59.5,64,64
2021-06-04,scheps 8,0,0,0,0,2,0,0,0,0
2021-06-04,scheps 9,3,3,9,9,2,1.5,1.5,4.5,4.5
2021-06-05,griesbroek 6,180,180,204,204,6,30,30,34,34
2021-06-05,laakdal 41,1929,1929,2289,2289,9,214.33333333333334,214.33333333333334,254.33333333333334,254.33333333333334
2021-06-05,nijlen h1,0,0,0,0,8,0,0,0,0
2021-06-06,griesbroek 6,738,738,780,780,6,123,123,130,130
2021-06-06,laakdal 41,2020,2020,2770,2770,11,183.63636363636363,183.63636363636363,251.8181818181818,251.8181818181818
2021-06-07,griesbroek 6,1902,1902,1922,1922,8,237.75,237.75,240.25,240.25
2021-06-07,laakdal 41,1020,1020,1160,1160,11,92.72727272727273,92.72727272727273,105.45454545454545,105.45454545454545
2021-06-08,laakdal 41,2212,2212,2898,2898,11,201.0909090909091,201.0909090909091,263.45454545454544,263.45454545454544
2021-06-08,laakdal 8,0,0,0,0,10,0,0,0,0
2021-06-08,scheps 20,2876,2876,2892,2892,8,359.5,359.5,361.5,361.5
2021-06-09,laakdal 41,1880,1880,2720,2720,11,170.9090909090909,170.9090909090909,247.27272727272728,247.27272727272728
2021-06-09,laakdal 8,0,0,0,0,10,0,0,0,0
2021-06-09,nijlen h1,0,0,0,0,8,0,0,0,0
2021-06-09,scheps 20,1820,1820,1832,1832,8,227.5,227.5,229,229
2021-06-10,laakdal 41,1590,1590,2642,2642,11,144.54545454545453,144.54545454545453,240.1818181818182,240.1818181818182
2021-06-10,laakdal 8,0,0,0,0,10,0,0,0,0
2021-06-10,nijlen h1,0,0,0,0,8,0,0,0,0
2021-06-10,scheps 20,1732,1732,1738,1738,8,216.5,216.5,217.25,217.25
2021-06-11,laakdal 41,1804,1804,3106,3106,11,164,164,282.3636363636364,282.3636363636364
2021-06-11,laakdal 8,0,0,0,0,10,0,0,0,0
2021-06-11,nijlen h1,0,0,0,0,8,0,0,0,0
2021-06-11,scheps 20,1606,1606,1610,1610,8,200.75,200.75,201.25,201.25
2021-06-12,nijlen h1,0,0,0,0,8,0,0,0,0
2021-06-15,laakdal 13,0,0,0,0,10,0,0,0,0
2021-06-15,lokkerse dammen,0,0,0,0,3,0,0,0,0
2021-06-16,laakdal 13,0,0,1,1,10,0,0,0.1,0.1
2021-06-16,laakdal 42,1910,1910,2144,2144,12,159.16666666666666,159.16666666666666,178.66666666666666,178.66666666666666
2021-06-16,lokkerse dammen,0,0,0,0,3,0,0,0,0
2021-06-16,nijlen l9,0,0,0,0,8,0,0,0,0
2021-06-17,laakdal 13,0,0,1,1,10,0,0,0.1,0.1
2021-06-17,laakdal 42,1938,1938,2246,2246,12,161.5,161.5,187.16666666666666,187.16666666666666
2021-06-17,lokkerse dammen,0,0,0,0,3,0,0,0,0
2021-06-17,nijlen l9,0,0,0,0,8,0,0,0,0
2021-06-18,laakdal 13,0,0,0,0,10,0,0,0,0
2021-06-18,laakdal 42,2388,2388,2850,2850,12,199,199,237.5,237.5
2021-06-18,lokkerse dammen,0,0,0,0,3,0,0,0,0
2021-06-18,nijlen l9,0,0,0,0,8,0,0,0,0
2021-06-19,nijlen l9,0,0,0,0,8,0,0,0,0
2021-06-22,arendonk 2,147,147,147,147,10,14.7,14.7,14.7,14.7
2021-06-22,laakdal 43,66,66,75,75,10,6.6,6.6,7.5,7.5
2021-06-22,laakdal 44,0,0,50,50,10,0,0,5,5
2021-06-22,scheps 19b,0,0,0,0,5,0,0,0,0
2021-06-22,scheps 25,0,0,0,0,10,0,0,0,0
2021-06-23,arendonk 2,336,336,336,336,10,33.6,33.6,33.6,33.6
2021-06-23,laakdal 43,36,36,45,45,10,3.6,3.6,4.5,4.5
2021-06-23,laakdal 44,0,0,31,31,10,0,0,3.1,3.1
2021-06-23,nijlen l9,0,0,0,0,8,0,0,0,0
2021-06-23,scheps 19b,0,0,0,0,5,0,0,0,0
2021-06-23,scheps 25,0,0,0,0,10,0,0,0,0
2021-06-24,arendonk 2,100,100,100,100,10,10,10,10,10
2021-06-24,laakdal 43,30,30,33,33,10,3,3,3.3,3.3
2021-06-24,laakdal 44,0,0,15,15,10,0,0,1.5,1.5
2021-06-24,nijlen l9,0,0,24,24,8,0,0,3,3
2021-06-24,scheps 19b,0,0,0,0,5,0,0,0,0
2021-06-24,scheps 25,0,0,0,0,10,0,0,0,0
2021-06-25,arendonk 2,49,49,49,49,10,4.9,4.9,4.9,4.9
2021-06-25,laakdal 43,33,33,39,39,10,3.3,3.3,3.9,3.9
2021-06-25,laakdal 44,0,0,12,12,10,0,0,1.2,1.2
2021-06-25,nijlen l9,0,0,0,0,8,0,0,0,0
2021-06-25,scheps 19b,0,0,0,0,5,0,0,0,0
2021-06-25,scheps 25,0,0,0,0,10,0,0,0,0
2021-06-26,nijlen l9,0,0,0,0,8,0,0,0,0
2021-06-28,arendonk 3,0,0,0,0,5,0,0,0,0
2021-06-29,antgee0519,1889,1889,1894,1894,5,377.8,377.8,378.8,378.8
2021-06-29,laakdal 40,0,0,3,3,12,0,0,0.25,0.25
2021-06-30,antgee0519,972,972,972,972,5,194.4,194.4,194.4,194.4
2021-06-30,laakdal 40,9,9,9,9,12,0.75,0.75,0.75,0.75
2021-06-30,nijlen l9,0,0,0,0,8,0,0,0,0
2021-07-01,antgee0519,665,665,665,665,5,133,133,133,133
2021-07-01,laakdal 40,9,9,9,9,12,0.75,0.75,0.75,0.75
2021-07-01,nijlen l9,0,0,0,0,8,0,0,0,0
2021-07-02,antgee0519,785,785,856,856,5,157,157,171.2,171.2
2021-07-02,laakdal 40,3,3,3,3,12,0.25,0.25,0.25,0.25
2021-07-02,nijlen l9,0,0,0,0,8,0,0,0,0
2021-07-03,nijlen l9,0,0,0,0,8,0,0,0,0
2021-07-06,laakdal 37,0,0,12,12,4,0,0,3,3
2021-07-06,laakdal 5,1047,1047,1062,1062,8,130.875,130.875,132.75,132.75
2021-07-06,nijlen g2,0,0,0,0,7,0,0,0,0
2021-07-07,antlkd0019b,233,233,233,233,5,46.6,46.6,46.6,46.6
2021-07-07,laakdal 37,0,0,2,2,4,0,0,0.5,0.5
2021-07-07,laakdal 5,378,378,396,396,8,47.25,47.25,49.5,49.5
2021-07-07,nijlen g2,0,0,0,0,7,0,0,0,0
2021-07-08,antlkd0019b,181,181,184,184,5,36.2,36.2,36.8,36.8
2021-07-08,laakdal 37,0,0,2,2,4,0,0,0.5,0.5
2021-07-08,laakdal 5,528,528,561,561,8,66,66,70.125,70.125
2021-07-08,nijlen g2,0,0,0,0,7,0,0,0,0
2021-07-09,antlkd0019b,91,91,102,102,5,18.2,18.2,20.4,20.4
2021-07-09,laakdal 37,0,0,2,2,4,0,0,0.5,0.5
2021-07-09,laakdal 5,534,534,546,546,8,66.75,66.75,68.25,68.25
2021-07-09,nijlen g2,0,0,0,0,7,0,0,0,0
2021-07-13,laakdal 22b,0,0,21,21,4,0,0,5.25,5.25
2021-07-13,laakdal 39,0,0,0,0,4,0,0,0,0
2021-07-13,molse nete 25,2106,2106,2949,2949,10,210.6,210.6,294.9,294.9
2021-07-13,nijlen g2,0,0,0,0,6,0,0,0,0
2021-07-13,scheps 20,664,664,1060,1060,5,132.8,132.8,212,212
2021-07-14,laakdal 22b,0,0,6,6,4,0,0,1.5,1.5
2021-07-14,laakdal 39,0,0,10,10,4,0,0,2.5,2.5
2021-07-14,molse nete 25,744,744,807,807,10,74.4,74.4,80.7,80.7
2021-07-14,nijlen g2,0,0,0,0,6,0,0,0,0
2021-07-14,scheps 20,517,517,582,582,5,103.4,103.4,116.4,116.4
2021-07-15,laakdal 22b,0,0,12,12,4,0,0,3,3
2021-07-15,laakdal 39,0,0,20,20,4,0,0,5,5
2021-07-15,molse nete 25,429,429,483,483,10,42.9,42.9,48.3,48.3
2021-07-15,nijlen g2,0,0,0,0,6,0,0,0,0
2021-07-15,scheps 20,125,125,135,135,5,25,25,27,27
2021-07-16,laakdal 22b,0,0,0,0,4,0,0,0,0
2021-07-16,laakdal 39,0,0,4,4,4,0,0,1,1
2021-07-16,molse nete 25,906,906,1188,1188,10,90.6,90.6,118.8,118.8
2021-07-16,nijlen g2,0,0,0,0,6,0,0,0,0
2021-07-16,scheps 20,261,261,265,265,5,52.2,52.2,53,53
2021-07-20,laakdal 26,0,0,0,0,4,0,0,0,0
2021-07-20,laakdal 26b,0,0,0,0,4,0,0,0,0
2021-07-20,molse nete 25,2358,2358,2640,2640,10,235.8,235.8,264,264
2021-07-20,nijlen g2,0,0,0,0,6,0,0,0,0
2021-07-21,laakdal 26,0,0,0,0,4,0,0,0,0
2021-07-21,laakdal 26b,0,0,0,0,4,0,0,0,0
2021-07-21,molse nete 25,1281,1281,1332,1332,10,128.1,128.1,133.2,133.2
2021-07-21,nijlen g2,0,0,0,0,6,0,0,0,0
2021-07-22,laakdal 26,0,0,0,0,4,0,0,0,0
2021-07-22,laakdal 26b,0,0,3,3,4,0,0,0.75,0.75
2021-07-22,molse nete 25,873,873,912,912,10,87.3,87.3,91.2,91.2
2021-07-22,nijlen g2,0,0,0,0,6,0,0,0,0
2021-07-23,laakdal 26,0,0,0,0,4,0,0,0,0
2021-07-23,laakdal 26b,0,0,0,0,4,0,0,0,0
2021-07-23,molse nete 25,747,747,771,771,10,74.7,74.7,77.1,77.1
2021-07-23,nijlen g2,0,0,0,0,6,0,0,0,0
2021-07-27,scheps 10,0,0,6,6,4,0,0,1.5,1.5
2021-07-27,scheps 20,146,146,162,162,5,29.2,29.2,32.4,32.4
2021-07-27,scheps 3,0,0,0,0,4,0,0,0,0
2021-07-27,scheps 35,4476,4476,4506,4506,6,746,746,751,751
2021-07-28,nijlen b3b,0,0,0,0,4,0,0,0,0
2021-07-28,scheps 10,0,0,6,6,4,0,0,1.5,1.5
2021-07-28,scheps 20,64,64,76,76,5,12.8,12.8,15.2,15.2
2021-07-28,scheps 3,0,0,0,0,4,0,0,0,0
2021-07-28,scheps 35,1245,1245,1260,1260,6,207.5,207.5,210,210
2021-07-29,nijlen b15,0,0,0,0,5,0,0,0,0
2021-07-29,nijlen b3b,0,0,1,1,4,0,0,0.25,0.25
2021-07-29,scheps 10,0,0,0,0,4,0,0,0,0
2021-07-29,scheps 20,37,37,51,51,5,7.4,7.4,10.2,10.2
2021-07-29,scheps 3,0,0,0,0,4,0,0,0,0
2021-07-29,scheps 35,645,645,726,726,6,107.5,107.5,121,121
2021-07-30,nijlen b15,0,0,0,0,5,0,0,0,0
2021-07-30,scheps 10,0,0,0,0,4,0,0,0,0
2021-07-30,scheps 20,88,88,102,102,5,17.6,17.6,20.4,20.4
2021-07-30,scheps 3,0,0,0,0,4,0,0,0,0
2021-07-30,scheps 35,432,432,435,435,6,72,72,72.5,72.5
2021-07-31,nijlen b15,0,0,1,1,5,0,0,0.2,0.2
2021-07-31,nijlen b3b,0,0,1,1,4,0,0,0.25,0.25
2021-08-03,molse nete 27,0,0,10,10,4,0,0,2.5,2.5
2021-08-03,molse nete 29,0,0,28,28,4,0,0,7,7
2021-08-03,scheps 1,0,0,2,2,2,0,0,1,1
2021-08-03,scheps 12,0,0,0,0,6,0,0,0,0
2021-08-03,scheps 18,0,0,1,1,5,0,0,0.2,0.2
2021-08-03,scheps 27,0,0,0,0,2,0,0,0,0
2021-08-04,molse nete 27,0,0,6,6,4,0,0,1.5,1.5
2021-08-04,molse nete 29,0,0,6,6,4,0,0,1.5,1.5
2021-08-04,nijlen b15,0,0,0,0,5,0,0,0,0
2021-08-04,nijlen b3b,0,0,1,1,4,0,0,0.25,0.25
2021-08-04,scheps 1,0,0,1,1,2,0,0,0.5,0.5
2021-08-04,scheps 12,0,0,0,0,6,0,0,0,0
2021-08-04,scheps 18,0,0,0,0,5,0,0,0,0
2021-08-04,scheps 27,0,0,0,0,2,0,0,0,0
2021-08-05,molse nete 27,0,0,8,8,4,0,0,2,2
2021-08-05,molse nete 29,0,0,2,2,4,0,0,0.5,0.5
2021-08-05,nijlen b15,0,0,0,0,5,0,0,0,0
2021-08-05,nijlen b3b,0,0,0,0,4,0,0,0,0
2021-08-05,scheps 1,0,0,3,3,2,0,0,1.5,1.5
2021-08-05,scheps 12,0,0,0,0,6,0,0,0,0
2021-08-05,scheps 18,0,0,0,0,5,0,0,0,0
2021-08-05,scheps 27,0,0,0,0,2,0,0,0,0
2021-08-06,molse nete 27,0,0,14,14,4,0,0,3.5,3.5
2021-08-06,molse nete 29,0,0,6,6,4,0,0,1.5,1.5
2021-08-06,nijlen b15,0,0,1,1,5,0,0,0.2,0.2
2021-08-06,nijlen b3b,0,0,0,0,4,0,0,0,0
2021-08-06,scheps 1,0,0,0,0,2,0,0,0,0
2021-08-06,scheps 12,0,0,0,0,6,0,0,0,0
2021-08-06,scheps 18,0,0,0,0,5,0,0,0,0
2021-08-06,scheps 27,0,0,0,0,2,0,0,0,0
2021-08-07,nijlen b15,0,0,0,0,5,0,0,0,0
2021-08-07,nijlen b3b,0,0,4,4,4,0,0,1,1
2021-08-10,laakdal 30,0,0,6,6,4,0,0,1.5,1.5
2021-08-10,laakdal 30c,22,22,22,22,4,5.5,5.5,5.5,5.5
2021-08-10,molse nete 23,34,34,42,42,4,8.5,8.5,10.5,10.5
2021-08-10,molse nete 24,0,0,2,2,5,0,0,0.4,0.4
2021-08-11,arendonk 2,1,1,2,2,10,0.1,0.1,0.2,0.2
2021-08-11,laakdal 30,0,0,0,0,4,0,0,0,0
2021-08-11,laakdal 30c,4,4,6,6,4,1,1,1.5,1.5
2021-08-11,molse nete 23,8,8,12,12,4,2,2,3,3
2021-08-11,molse nete 24,0,0,7,7,5,0,0,1.4,1.4
2021-08-12,arendonk 2,0,0,0,0,10,0,0,0,0
2021-08-12,laakdal 30,0,0,0,0,4,0,0,0,0
2021-08-12,laakdal 30c,2,2,2,2,4,0.5,0.5,0.5,0.5
2021-08-12,laakdal 31b,0,0,0,0,1,0,0,0,0
2021-08-12,molse nete 23,2,2,4,4,4,0.5,0.5,1,1
2021-08-12,molse nete 24,3,3,13,13,5,0.6,0.6,2.6,2.6
2021-08-13,arendonk 2,1,1,1,1,10,0.1,0.1,0.1,0.1
2021-08-13,laakdal 30,0,0,0,0,4,0,0,0,0
2021-08-13,laakdal 30c,2,2,2,2,4,0.5,0.5,0.5,0.5
2021-08-13,molse nete 23,10,10,18,18,4,2.5,2.5,4.5,4.5
2021-08-13,molse nete 24,3,3,9,9,5,0.6,0.6,1.8,1.8
2021-08-14,NA,1,1,1,1,10,0.1,0.1,0.1,0.1
2021-08-17,herselt 1,2,2,28,28,2,1,1,14,14
2021-08-17,herselt 2,10,10,94,94,4,2.5,2.5,23.5,23.5
2021-08-17,herselt 8,120,120,153,153,10,12,12,15.3,15.3
2021-08-17,NA,0,0,0,0,10,0,0,0,0
2021-08-18,herselt 1,6,6,12,12,5,1.2,1.2,2.4,2.4
2021-08-18,herselt 2,2,2,2,2,4,0.5,0.5,0.5,0.5
2021-08-18,herselt 8,117,117,144,144,10,11.7,11.7,14.4,14.4
2021-08-18,NA,1,1,1,1,10,0.1,0.1,0.1,0.1
2021-08-19,herselt 1,8,8,8,8,6,1.3333333333333333,1.3333333333333333,1.3333333333333333,1.3333333333333333
2021-08-19,herselt 2,18,18,50,50,4,4.5,4.5,12.5,12.5
2021-08-19,herselt 8,261,261,363,363,10,26.1,26.1,36.3,36.3
2021-08-19,NA,0,0,0,0,10,0,0,0,0
2021-08-20,herselt 1,22,22,22,22,6,3.6666666666666665,3.6666666666666665,3.6666666666666665,3.6666666666666665
2021-08-20,herselt 2,0,0,60,60,4,0,0,15,15
2021-08-20,herselt 8,500,500,628,628,5,100,100,125.6,125.6
2021-08-20,NA,1,1,1,1,10,0.1,0.1,0.1,0.1
2021-08-24,herselt 8,438,438,488,488,10,43.8,43.8,48.8,48.8
2021-08-25,herselt 8,298,298,334,334,10,29.8,29.8,33.4,33.4
2021-08-26,herselt 8,170,170,290,290,10,17,17,29,29
2021-08-27,herselt 8,138,138,282,282,10,13.8,13.8,28.2,28.2
2021-08-31,herselt 24,0,0,10,10,4,0,0,2.5,2.5
2021-08-31,herselt 25,0,0,0,0,4,0,0,0,0
2021-08-31,herselt 26,0,0,0,0,6,0,0,0,0
2021-08-31,herselt 27,0,0,0,0,4,0,0,0,0
2021-09-01,herselt 24,0,0,0,0,4,0,0,0,0
2021-09-01,herselt 25,0,0,0,0,4,0,0,0,0
2021-09-01,herselt 26,0,0,0,0,6,0,0,0,0
2021-09-01,herselt 27,3,3,3,3,4,0.75,0.75,0.75,0.75
2021-09-02,herselt 24,0,0,0,0,4,0,0,0,0
2021-09-02,herselt 25,0,0,0,0,4,0,0,0,0
2021-09-02,herselt 26,0,0,0,0,6,0,0,0,0
2021-09-02,herselt 27,0,0,0,0,4,0,0,0,0
2021-09-03,herselt 24,0,0,0,0,4,0,0,0,0
2021-09-03,herselt 25,0,0,0,0,4,0,0,0,0
2021-09-03,herselt 26,0,0,0,0,6,0,0,0,0
2021-09-03,herselt 27,0,0,0,0,4,0,0,0,0
2021-10-06,3,0,0,0,0,3,0,0,0,0
2021-10-06,molse nete 30,0,0,0,0,4,0,0,0,0
2021-10-06,zilvermeer 1,0,0,0,0,3,0,0,0,0
2021-10-06,zilvermeer 2,0,0,0,0,2,0,0,0,0
2021-10-06,zilvermeer 4,0,0,2,2,3,0,0,0.6666666666666666,0.6666666666666666
2021-10-06,zilvermeer 5,0,0,0,0,3,0,0,0,0
2021-10-06,zilvermeer 7,0,0,0,0,1,0,0,0,0
2021-10-07,3,0,0,0,0,3,0,0,0,0
2021-10-07,bergebeek 1,201,201,323,323,4,50.25,50.25,80.75,80.75
2021-10-07,hallaar 2,10,10,10,10,2,5,5,5,5
2021-10-07,molse nete 30,0,0,0,0,4,0,0,0,0
2021-10-07,zilvermeer 1,0,0,0,0,3,0,0,0,0
2021-10-07,zilvermeer 2,0,0,0,0,2,0,0,0,0
2021-10-07,zilvermeer 4,0,0,0,0,3,0,0,0,0
2021-10-07,zilvermeer 5,0,0,0,0,3,0,0,0,0
2021-10-07,zilvermeer 6,0,0,0,0,1,0,0,0,0
2021-10-07,zilvermeer 7,0,0,0,0,1,0,0,0,0
2021-10-08,3,0,0,0,0,2,0,0,0,0
2021-10-08,bergebeek 1,160,160,270,270,6,26.666666666666668,26.666666666666668,45,45
2021-10-08,hallaar 2,18,18,20,20,6,3,3,3.3333333333333335,3.3333333333333335
2021-10-08,molse nete 30,0,0,0,0,4,0,0,0,0
2021-10-08,steenkesloop 1,2,2,5,5,6,0.3333333333333333,0.3333333333333333,0.8333333333333334,0.8333333333333334
2021-10-08,zilvermeer 1,0,0,0,0,3,0,0,0,0
2021-10-08,zilvermeer 2,0,0,0,0,3,0,0,0,0
2021-10-08,zilvermeer 4,0,0,0,0,3,0,0,0,0
2021-10-08,zilvermeer 5,0,0,0,0,3,0,0,0,0
2021-10-08,zilvermeer 6,0,0,0,0,1,0,0,0,0
2021-10-08,zilvermeer 7,0,0,0,0,1,0,0,0,0
2021-10-12,bergebeek 1,6,6,13,13,7,0.8571428571428571,0.8571428571428571,1.8571428571428572,1.8571428571428572
2021-10-12,steenkesloop 1,179,179,267,267,10,17.9,17.9,26.7,26.7
2021-10-13,steenkesloop 1,130,130,225,225,10,13,13,22.5,22.5
2022-04-28,griesbroek 6,15164,15164,15184,15184,12,1263.6666666666667,1263.6666666666667,1265.3333333333333,1265.3333333333333
2022-04-29,griesbroek 6,11018,11018,12510,12510,12,918.1666666666666,918.1666666666666,1042.5,1042.5
2022-05-07,griesbroek 6,63720,63720,63960,63960,1,63720,63720,63960,63960
2022-05-08,griesbroek 6,35440,35440,35600,35600,1,35440,35440,35600,35600
2022-05-09,griesbroek 6,22500,22500,22620,22620,1,22500,22500,22620,22620
2022-05-10,arendonk 2,0,0,0,0,1,0,0,0,0
2022-05-10,griesbroek 6,24220,24220,25660,25660,1,24220,24220,25660,25660
2022-05-11,arendonk 2,0,0,0,0,1,0,0,0,0
2022-05-11,griesbroek 6,23260,23260,26900,26900,1,23260,23260,26900,26900
2022-05-11,nijlen l9,0,0,0,0,1,0,0,0,0
2022-05-12,arendonk 2,0,0,0,0,1,0,0,0,0
2022-05-12,griesbroek 6,59740,59740,62760,62760,1,59740,59740,62760,62760
2022-05-12,nijlen l9,0,0,0,0,1,0,0,0,0
2022-05-13,arendonk 2,0,0,0,0,1,0,0,0,0
2022-05-13,griesbroek 6,70660,70660,70880,70880,1,70660,70660,70880,70880
2022-05-13,nijlen l9,0,0,0,0,1,0,0,0,0
2022-05-14,griesbroek 6,21420,21420,21720,21720,1,21420,21420,21720,21720
2022-05-14,nijlen l9,0,0,0,0,1,0,0,0,0
2022-05-15,griesbroek 6,31220,31220,31660,31660,1,31220,31220,31660,31660
2022-05-16,griesbroek 6,23820,23820,23940,23940,1,23820,23820,23940,23940
2022-05-17,arendonk 2,0,0,0,0,1,0,0,0,0
2022-05-17,griesbroek 6,15080,15080,15220,15220,1,15080,15080,15220,15220
2022-05-17,laakdal 41,21340,21340,21340,21340,1,21340,21340,21340,21340
2022-05-17,nijlen l9,0,0,0,0,1,0,0,0,0
2022-05-18,arendonk 2,19,19,19,19,1,19,19,19,19
2022-05-18,griesbroek 6,17233,17233,17708,17708,1,17233,17233,17708,17708
2022-05-18,laakdal 41,15618,15618,15656,15656,1,15618,15618,15656,15656
2022-05-18,nijlen l9,0,0,0,0,1,0,0,0,0
2022-05-19,arendonk 2,0,0,19,19,1,0,0,19,19
2022-05-19,griesbroek 6,7242,7242,13345,13345,1,7242,7242,13345,13345
2022-05-19,laakdal 41,17010,17010,17064,17064,1,17010,17010,17064,17064
2022-05-19,nijlen l9,0,0,0,0,1,0,0,0,0
2022-05-20,arendonk 2,0,0,0,0,1,0,0,0,0
2022-05-20,griesbroek 6,19380,19380,21800,21800,1,19380,19380,21800,21800
2022-05-20,laakdal 41,12006,12006,12042,12042,1,12006,12006,12042,12042
2022-05-20,nijlen l9,0,0,0,0,1,0,0,0,0
2022-05-21,griesbroek 6,8820,8820,9040,9040,1,8820,8820,9040,9040
2022-05-22,griesbroek 6,4389,4389,4560,4560,1,4389,4389,4560,4560
2022-05-23,griesbroek 6,2600,2600,2720,2720,1,2600,2600,2720,2720
2022-05-24,griesbroek 6,30100,30100,30440,30440,1,30100,30100,30440,30440
2022-05-24,ham 1,0,0,1,1,1,0,0,1,1
2022-05-24,nijlen b3b,0,0,0,0,1,0,0,0,0
2022-05-24,scheps 1,0,0,0,0,1,0,0,0,0
2022-05-24,scheps 20,146980,146980,147040,147040,1,146980,146980,147040,147040
2022-05-25,griesbroek 6,15624,15624,15792,15792,1,15624,15624,15792,15792
2022-05-25,ham 1,0,0,0,0,1,0,0,0,0
2022-05-25,nijlen b3b,0,0,0,0,1,0,0,0,0
2022-05-25,scheps 1,0,0,8,8,1,0,0,8,8
2022-05-25,scheps 20,48620,48620,50420,50420,1,48620,48620,50420,50420
2022-05-26,griesbroek 6,30798,30798,31824,31824,2,15399,15399,15912,15912
2022-05-26,griesbroek 8,56,56,68,68,1,56,56,68,68
2022-05-26,ham 1,0,0,0,0,1,0,0,0,0
2022-05-26,nijlen b3b,0,0,0,0,1,0,0,0,0
2022-05-26,scheps 1,0,0,4,4,1,0,0,4,4
2022-05-26,scheps 20,27220,27220,27280,27280,1,27220,27220,27280,27280
2022-05-27,griesbroek 6,48594,48594,50505,50505,1,48594,48594,50505,50505
2022-05-27,ham 1,0,0,0,0,1,0,0,0,0
2022-05-27,nijlen b3b,0,0,0,0,1,0,0,0,0
2022-05-27,scheps 1,0,0,2,2,1,0,0,2,2
2022-05-27,scheps 20,14260,14260,14560,14560,1,14260,14260,14560,14560
2022-05-31,griesbroek 6,31,31,33,33,1,31,31,33,33
2022-05-31,laakdal 42,4068,4068,4086,4086,1,4068,4068,4086,4086
2022-05-31,laakdal 6,0,0,40,40,1,0,0,40,40
2022-05-31,meerhout 13,188,188,190,190,1,188,188,190,190
2022-05-31,scheps 35,29000,29000,29720,29720,1,29000,29000,29720,29720
2022-06-01,laakdal 6,0,0,70,70,1,0,0,70,70
2022-06-01,meerhout 13,64,64,78,78,1,64,64,78,78
2022-06-01,scheps 35,6612,6612,7467,7467,2,3306,3306,3733.5,3733.5
2022-06-02,meerhout 13,262,262,262,262,1,262,262,262,262
2022-06-02,meerhout 14,4836,4836,5005,5005,1,4836,4836,5005,5005
2022-06-02,scheps 35,7068,7068,7106,7106,1,7068,7068,7106,7106
2022-06-03,meerhout 13,218,218,218,218,1,218,218,218,218
2022-06-03,meerhout 14,10620,10620,11080,11080,1,10620,10620,11080,11080
2022-06-03,scheps 35,4380,4380,5640,5640,1,4380,4380,5640,5640
2022-06-04,meerhout 14,26592,26592,28096,28096,1,26592,26592,28096,28096
2022-06-05,meerhout 14,47190,47190,48240,48240,1,47190,47190,48240,48240
2022-06-06,meerhout 14,29490,29490,31020,31020,1,29490,29490,31020,31020
2022-06-07,meerhout 14,66144,66144,67977,67977,1,66144,66144,67977,67977
2022-06-08,meerhout 14,41033,41033,42069,42069,1,41033,41033,42069,42069
2022-06-09,meerhout 14,25194,25194,26030,26030,1,25194,25194,26030,26030
2022-06-10,meerhout 14,33668,33668,35112,35112,1,33668,33668,35112,35112
2022-06-14,ham 1,0,0,0,0,6,0,0,0,0
2022-06-14,laakdal 39,3444,3444,3591,3591,1,3444,3444,3591,3591
2022-06-14,laakdal 41,24814,24814,25308,25308,1,24814,24814,25308,25308
2022-06-15,ham 1,0,0,0,0,6,0,0,0,0
2022-06-15,laakdal 29,0,0,8,8,1,0,0,8,8
2022-06-15,laakdal 30c,380,380,380,380,1,380,380,380,380
2022-06-15,laakdal 39,630,630,675,675,1,630,630,675,675
2022-06-15,laakdal 41,13965,13965,14155,14155,1,13965,13965,14155,14155
2022-06-16,ham 1,0,0,0,0,6,0,0,0,0
2022-06-16,laakdal 29,0,0,2,2,1,0,0,2,2
2022-06-16,laakdal 30c,325,325,360,360,1,325,325,360,360
2022-06-16,laakdal 39,312,312,338,338,1,312,312,338,338
2022-06-16,laakdal 41,9633,9633,9766,9766,1,9633,9633,9766,9766
2022-06-17,ham 1,0,0,0,0,6,0,0,0,0
2022-06-17,laakdal 29,0,0,2,2,1,0,0,2,2
2022-06-17,laakdal 30c,140,140,140,140,1,140,140,140,140
2022-06-17,laakdal 39,150,150,180,180,1,150,150,180,180
2022-06-17,laakdal 41,10940,10940,11100,11100,1,10940,10940,11100,11100
2022-06-21,ham 3,0,0,0,0,6,0,0,0,0
2022-06-21,laakdal 5,17997,17997,18333,18333,1,17997,17997,18333,18333
2022-06-21,molse nete 23,0,0,8,8,1,0,0,8,8
2022-06-21,molse nete 25,1100,1100,1260,1260,1,1100,1100,1260,1260
2022-06-22,ham 3,0,0,1,1,6,0,0,0.16666666666666666,0.16666666666666666
2022-06-22,laakdal 5,14600,14600,14760,14760,1,14600,14600,14760,14760
2022-06-22,molse nete 23,7,7,7,7,1,7,7,7,7
2022-06-22,molse nete 25,960,960,1010,1010,1,960,960,1010,1010
2022-06-23,ham 3,0,0,0,0,6,0,0,0,0
2022-06-23,laakdal 5,17537,17537,17689,17689,1,17537,17537,17689,17689
2022-06-23,molse nete 23,0,0,4,4,1,0,0,4,4
2022-06-23,molse nete 24,0,0,20,20,1,0,0,20,20
2022-06-23,molse nete 25,1150,1150,1220,1220,1,1150,1150,1220,1220
2022-06-24,ham 3,0,0,0,0,6,0,0,0,0
2022-06-24,laakdal 39,14940,14940,15066,15066,1,14940,14940,15066,15066
2022-06-24,laakdal 45,0,0,0,0,1,0,0,0,0
2022-06-24,laakdal 5,732,732,738,738,1,732,732,738,738
2022-06-24,molse nete 23,0,0,0,0,1,0,0,0,0
2022-06-24,molse nete 24,0,0,8,8,1,0,0,8,8
2022-06-24,molse nete 25,1120,1120,1300,1300,1,1120,1120,1300,1300
2022-06-26,meerhout 13,292,292,300,300,1,292,292,300,300
2022-06-26,meerhout 15,232,232,246,246,1,232,232,246,246
2022-06-28,ham 4,0,0,0,0,4,0,0,0,0
2022-06-28,herselt 1,136,136,136,136,1,136,136,136,136
2022-06-28,herselt 2,126,126,128,128,1,126,126,128,128
2022-06-28,herselt 8,1224,1224,1242,1242,1,1224,1224,1242,1242
2022-06-28,laakdal 37,2240,2240,2270,2270,1,2240,2240,2270,2270
2022-06-28,roost 38,9495,9495,9504,9504,1,9495,9495,9504,9504
2022-06-29,ham 4,0,0,0,0,4,0,0,0,0
2022-06-29,herselt 1,20,20,24,24,1,20,20,24,24
2022-06-29,herselt 2,60,60,64,64,1,60,60,64,64
2022-06-29,herselt 8,2147,2147,2166,2166,1,2147,2147,2166,2166
2022-06-29,laakdal 37,760,760,760,760,1,760,760,760,760
2022-06-29,roost 38,2178,2178,2187,2187,1,2178,2178,2187,2187
2022-06-30,ham 4,0,0,0,0,4,0,0,0,0
2022-06-30,herselt 1,22,22,22,22,1,22,22,22,22
2022-06-30,herselt 2,108,108,108,108,1,108,108,108,108
2022-06-30,herselt 8,5757,5757,5909,5909,1,5757,5757,5909,5909
2022-06-30,laakdal 37,140,140,140,140,1,140,140,140,140
2022-06-30,roost 38,1197,1197,1206,1206,1,1197,1197,1206,1206
2022-07-01,herselt 1,4,4,4,4,1,4,4,4,4
2022-07-01,herselt 2,36,36,36,36,1,36,36,36,36
2022-07-01,herselt 8,2856,2856,2890,2890,1,2856,2856,2890,2890
2022-07-01,laakdal 37,120,120,120,120,1,120,120,120,120
2022-07-01,roost 38,1476,1476,1476,1476,1,1476,1476,1476,1476
2022-07-05,herselt 28,0,0,0,0,1,0,0,0,0
2022-07-05,laakdal 30b,2,2,2,2,1,2,2,2,2
2022-07-05,laakdal 30c,0,0,16,16,1,0,0,16,16
2022-07-05,laakdal 32c,0,0,20,20,1,0,0,20,20
2022-07-06,herselt 28,0,0,0,0,1,0,0,0,0
2022-07-06,laakdal 30c,0,0,0,0,1,0,0,0,0
2022-07-06,laakdal 32c,0,0,0,0,1,0,0,0,0
2022-07-07,herselt 28,0,0,0,0,1,0,0,0,0
2022-07-07,laakdal 30c,10,10,30,30,1,10,10,30,30
2022-07-07,laakdal 32c,0,0,0,0,1,0,0,0,0
2022-07-07,laakdal 46,0,0,0,0,1,0,0,0,0
2022-07-08,herselt 28,0,0,0,0,1,0,0,0,0
2022-07-08,laakdal 30b,0,0,10,10,1,0,0,10,10
2022-07-08,laakdal 32c,0,0,10,10,1,0,0,10,10
2022-07-08,laakdal 46,0,0,0,0,1,0,0,0,0
2022-07-12,scheps 38,0,0,8,8,1,0,0,8,8
2022-07-12,scheps 40,18738,18738,23076,23076,1,18738,18738,23076,23076
NA,kasterlee 7,0,0,0,0,1,0,0,0,0
